,nickname,text,score,like,dislike,time,watch_movie
0,ksk(0109****),우리 아이에게는 장애가 있어요... 정말 울컥했던 대사.. 너무 잘만들었고 조승우 또한 연기른 너무 잘했다.. 진심 처음에 조승우라는 배우 몰랐을때 진짜 자폐증있는사람 섭외한줄 알았음,10,963,124,2013-07-17 20:35:00,0
1,bigh****,"""우리아이에게는 장애가 있어요""이말할때 진짜 눈물이 미친듯이남 ㅠㅠㅠ",10,644,21,2013-05-18 00:42:00,0
2,juny****,말이 필요없는 내안의 명작영화!조승우의 명연기에 할말을 잃었슴.,10,514,14,2013-05-06 00:56:00,0
3,gjin****,식상하게 억지감동 코드 밀어넣는 영화들관 다른 깊은 맛이 있다. 하나같이 연기를 정말 잘한다..,10,491,17,2013-05-06 00:42:00,0
4,ks00****,이영화는 우리가 장애인에 대한 생각을 다시 하게 만들어가는 것 같아요,10,393,15,2013-05-30 19:24:00,0
5,qldq****,초원이가 웃을때 나도 웃었다.,10,310,13,2013-12-13 23:34:00,0
6,jmyk****,조승우연기잘함,10,278,15,2013-09-11 16:50:00,0
7,JYK(mrbr****),조승우 최고다 연기장난없네,10,197,7,2014-01-24 17:07:00,0
8,마린(qert****),"마지막에 춘천 마라톤에서 엄마가 그냥 돌아가자고 하니까, 초원이가 ""초원이 다리는"" 이라고 말할 때 나도 모르게 눈물이...",10,174,3,2014-01-24 18:24:00,0
9,진광10(tjwj****),어렸을때 울면서 본 영화,10,182,15,2013-05-13 00:13:00,0
10,gmj5****,조승우의 소름끼칠정도로 흡사한 자폐아 연기가 돋보였던 영화. 스토리또한 수작,10,158,2,2013-02-21 01:35:00,0
11,여신태희(lkyl****),이 감독 말아톤 한번 찍고 내리막길이네...,9,163,22,2013-12-12 00:32:00,0
12,wher****,여전히 촌스럽지 않고 볼 때마다 감탄하게 만드는 영화. 조승우씨 연기는 가히 충격적이다. 그를 실제 자폐아로 오인한 이들이 있었을 정도니 감히 천재라 할밖에.. 김미숙씨 연기도 좋았고 억지스럽지 않은 구성도 훌륭했다...,10,137,0,2013-01-07 00:31:00,0
13,kyn9****,조승우 연기 개잘함.. 이런 영화 한번 더 안나오나..,8,131,4,2013-12-14 01:36:00,0
14,중구(bsm6****),특별한 자폐아의 엄마로써가 아닌 모든 엄마가 가진 욕심과 사랑의 경계선,9,115,5,2014-01-09 17:35:00,0
15,Adios연느(ogon****),조승우 연기 정말 놀랍습니다...진짜 자폐증환자인줄 알았네요,10,97,2,2014-03-21 00:10:00,0
16,applelove(spsp****),조승우는 백만불자리 연기자,10,86,1,2014-09-14 03:07:00,0
17,leen****,20세 청년이 5세  지능이고 자폐증 연기를 자연스럽게 여기 하신 조승우님 정말 당신은 하늘에서 내려오신 배우님이셔요 감동 그자체입니다,10,85,3,2013-03-10 00:00:00,0
18,qkre****,다시 봤는데 조승우씨연기 정말 살벌하네요.. 정말 잘해요.......,10,80,0,2013-03-26 11:19:00,0
19,견이(jeon****),조승우씨 연기정말잘하네요 ㅜㅜ 처음볼땐 좀어렸지만 나이먹어서 다시보니 더감동적이더군요..이분 실제인물도 인간극장에서도 나오던것같던데..,10,82,2,2014-03-18 19:15:00,0
20,웨진(hyej****),조승우라는 배우를 알게 해 준 영화,10,80,1,2014-02-17 00:42:00,0
21,하벼리(lmsd****),세계에 내놔도 부끄럽지 않은 몇 안되는 한국 최고의 영화,10,81,2,2013-01-02 17:43:00,0
22,blue****,영화시작부터 끝까지 조승우란 실제 인물은 사라지고 온전히 초원이만으로 가득채운 배우의 능력에 경의를 표합니다. 웃음과 감동이 자연스럽게  스며든 스토리도 일품인  최고의 영화!,10,77,0,2013-03-01 11:38:00,0
23,와썹(dft8****),26살의 말아톤 조승우와 27살의 타짜 조승우. 세월은 1년 밖에 흐르지 않았다. 그리고 그 사이의 두작품. 진짜 조승우는 보물같은 배우다...,10,70,1,2015-11-28 02:40:00,0
24,mylo****,우리 가족 중에 장애인잇는데미안하다. .,10,76,7,2013-12-08 00:33:00,0
25,SKI Fischer(zxc1****),영화관에서 처음 운 영화,10,60,2,2014-02-10 21:30:00,0
26,호호아줌마(khsc****),조승우 대박연기 어쩜 이렇게 잘하죠,10,53,1,2014-03-21 10:40:00,0
27,fmbr(mooj****),"개봉 당시 영화관에서 2번을 관람하였고 당시 고등학교 2학년이었던 나를 특수교사의 진로로 이끌었던 나의 인생영화... 현재 8년차 특수교사로 일하고있으며 지금도 말아톤이라는 영화와 감독, 조승우와 그 엄마를 연기했던...",10,54,10,2018-09-22 23:46:00,0
28,lion****,다른말은 필요없지..8년전엔 어려서 지루하고 따분하게만 느껴졌지만 지금에서야 가슴 따뜻해지는 영화라는걸 새삼 깨닫는딘.,10,43,1,2013-12-17 16:25:00,0
29,last****,다시 봤는데.. 전에 봤었을 때랑 또 다른 느낌..,10,41,2,2013-12-14 00:42:00,0
30,발손(wooj****),"이 영화를 극장에서 본지 7년이 넘었는데, 그 이후 나온 타짜에서 보여준 조승우의 간지 넘치는 연기와 오버랩 시켜보니 전혀 매치가 안 된다. 조승우 하면 고니지만, 역시 또 초원이도 떠오르게 마련인 이유는 조승우가 ...",9,42,6,2012-12-26 12:59:00,0
31,love****,다시봐도 멋진영화입니다,10,39,7,2014-02-05 15:47:00,0
32,은주(eunj****),학교에서 보여줬는데 끝까지 여운이 남네요 정말 몰입도 잘되고 너무 재미있었어요 또 보고 싶네요,10,31,6,2013-07-11 20:45:00,0
33,jsjp****,감동적인 영화....,10,28,5,2014-01-10 06:47:00,0
34,pyun****,제가초딩때이걸첨봤었는데진짜자폐안줄알고운기억이...조승우씨연기짱입니다.,10,29,6,2013-01-28 20:11:00,0
35,hany****,조승우씨의 진짜 같은 자폐아 연기에 한번 놀랐으며 이 얘기가 실화란것에 또 놀랐고 감동했다. 조승우씨의 매력은 끝도 없는거 같다. ㅎㅎ 무엇보다 신선한 충격이..!ㅋㅋ,10,27,6,2013-01-20 00:27:00,0
36,son(son9****),EBS에서 보는 중이신 분,10,20,1,2020-03-23 00:13:00,0
37,은서은서(sall****),조승우짱,10,24,6,2013-02-13 18:54:00,0
38,호순이(yjh8****),이런 연기를 하신 조승우님  정말 눈물나는 연기입니다. 말로표현할수가 없네요...,10,26,9,2013-01-29 15:29:00,0
39,luck****,오래전 기억이 떠올러 다시 봤습니다 말이 필요없는 제생에 가장 아름다운 영화 아름다운 영상과 조승우의 연기가 이 값진 영화를 더욱 빛나게한 요소인것같네요 우리나라 최고의 영화....,10,26,10,2013-02-07 22:20:00,0
40,나가노 메이(ldy2****),초원이... 주인공 이름 아직도 생각날정도로 기억에 남는 영화,7,13,0,2019-08-07 04:12:00,0
41,마브레가스(aktk****),성인 남자를 울게하는 영화,10,24,12,2014-01-10 12:04:00,0
42,ㅋㅋㅋㅋㅋ(1026****),초원이는 커서 타짜가됩니다 ..,10,12,1,2019-09-13 08:05:00,0
43,럽미(silv****),조승우라는 배우 진짜 말을 잃게 만든다... 정말 대단하다...,10,21,10,2014-10-04 02:25:00,0
44,복합성발랄증후군(feel****),"추석,설날에  쓰잘때기없는거 보여주지말고 이런 잘만든 영화좀 보여줘라",10,10,0,2020-03-23 00:45:00,0
45,seeu****,우리아이에게는 장애가 있어요 안운사람있나...오늘또보고 울었다 ...ㅜㅜ,10,8,0,2016-04-21 15:33:00,0
46,1016****,이게 정상인이 가능한 연기냐?,10,9,1,2019-09-28 01:23:00,0
47,Kim can(kimc****),말이 필요한가? 이 영화가 개봉한 연도에 내가 초등학교 5학년이었다. 암것도 모르는 초딩시절의 나도 울린 진정한 명작이다.,10,19,11,2014-02-18 10:52:00,0
48,이 구역의 미친여자(pipp****),타짜 본 다음에 바로 봤는데 같은 해에 전혀 다른 연기를 스물 다섯살에 해냈다는게 놀랍다 조승우는 진짜 연기천재,10,7,0,2018-07-13 00:30:00,0
49,토니 크로스(seun****),"지금 저 나이의 배우가 초원이 역할을 했다면 이정도로 감동이었을까? 유아인,이제훈,박정민 등 젊은 배우들이 아무리 연기를 잘한다고 해도 조승우는 진짜 넘을 수 없는 앞으로도 넘을 수 없는 꼭 넘고 싶은 그런 배우인것...",10,11,4,2018-10-19 18:01:00,0
50,뿔난엄마(mam0****),조승우님 사랑해요♥♥♥진심으로!!  제가 초6이어서 이 영화를 보진 못했고 유튜브로 찾아서 보았는데 너무 재미있어요 배우들도 연기 너무 잘하시고!!! 조승우님 짱이예요,10,18,11,2014-03-16 07:58:00,0
51,민트에이치(mint****),자폐아 키우는 엄마입니다 자폐증 소재 영화중 가장 리얼하다고 여겨지는 영화예요 천재성이나 자연스럽게 주고받는 대화가 가능한 영화나 드라마속 자폐는 사실 그닥 많지 않습니다 말아톤 같은 사실적인 영화가 많이 만들어져서...,10,6,0,2020-09-07 16:17:00,0
52,오맘(alpa****),명작입니다..제 아이도  자폐스펙트럼으로  치료비로  월500씩 전재산을 쏱아붇는 중입니다...2004년작품을 지금 보면서 비하인드스토리가 너무  궁금해서  검색해 봤습니다.역시나 감독님 이 영화로 상도  많이 타셨...,10,6,0,2020-04-16 01:36:00,0
53,핑핑(naan****),초원이 마지막 스마일 소리에 정말 힘껏 웃을때 심장이 내려앉았습니다..억지 신파극이 아닌 감동스러운 스토리... 앞으로도 이런 영화가 나올 수 있을까요?,10,6,0,2018-09-12 22:30:00,0
54,빛(wjdr****),15년 전 극장에서 보았던 영화. 초원이가 웃는 장면에서 객석에서는 탄성이 터져나왔었다. 조승우씨와 김미숙씨의 디테일하고 깊은 연기는 그저그런 장애인영화가 아니게 만들기 충분했다.,10,5,0,2020-04-23 19:06:00,0
55,sldoal(thrh****),최고다 진짜 최고다 승우형 멋있음,10,5,0,2020-03-23 01:47:00,0
56,암사공고생(gbak****),신파없이 사람을 울린다,10,5,0,2019-12-08 16:53:00,0
57,보허자(cosm****),초원이 다리는 백만불짜리. 초원이 몸매는 끝내줘요. 그리고 초원이 손은 눈보다 빠르다!,10,5,0,2019-10-31 14:15:00,0
58,Zeron(stor****),14년이 지난 지금 봐도 눈물이 찔끔. 조승우의 연기력에 감탄이 나오는 영화..,10,5,0,2019-09-26 18:43:00,0
59,쇼기(nice****),"군대 외박나와서 봤다가 미친듯이 펑펑 울었던 영화, 2000년대 초중반 한국영화 르네상스의 막차느낌의 명작",10,5,0,2018-10-29 09:18:00,0
60,윤서(o9od****),조승우의 연기는 말이 필요없었다 진짜 가슴뜨거웠던 영화,10,5,0,2018-09-27 11:07:00,0
61,hano****,대학시절 봤던 기억에 다시 찾아서 봤습니다.  자극적인 영화들이 넘처나는 요즘 그리운 영화입니다. 조승우는 초원이 그 자체였고....영화속 초원이는 동화속 주인공 같았습니다. 현실에서도 그러기를...,10,5,0,2018-08-17 18:30:00,0
62,쪼엘(mrle****),"나름 평점이 짜지고, 후하지도 않지만 10점 준 영화는 몇 안 되는 듯하다. 중1때 볼 때는 초원이만 보였는데 27살이 되고 엄마가 돌아가신 후에야 초원이보다 초원이 엄마가 보인 영화. 요즘은 왜 이런 영화가 없을까...",10,5,0,2018-05-26 22:40:00,0
63,리쉐(elqf****),어렸을때는 조승우라는 배우를 몰랐기에 자폐증을 가진 20살청년을 섭외한줄알았지만 다 크고나서 다시보니까 조승우의 연기력이 어마어마하다는걸 느끼게해준 영화,10,5,0,2018-02-11 16:12:00,0
64,귀염둥이(aza9****),김미숙의 엄마연기 최고다ㅠㅠ 진한 모성애를 너무 잘그려냄,10,5,0,2017-05-28 21:01:00,0
65,바람의언덕(sipj****),조승우 연기는 백만불짜리 연기,8,5,0,2015-08-08 19:11:00,0
66,범죄두(rlae****),그것만이 내세상보다 몇배는 더 재밋음,10,6,1,2018-07-08 13:06:00,0
67,햇살소년(wjdg****),조승우 인생 연기작... 장애라는 껍데기를 걷어낸 초원이를 그린 마지막 표정 변화 엔딩 장면은 지금도 안 잊힌다,9,4,0,2020-02-06 18:04:00,0
68,ACTDB(ahn6****),정말 연기 잘 하는 배우 중 한 명,10,4,0,2020-02-02 16:55:00,0
69,좋습니다(jcn0****),우리 동네에서 촬영했었구나... 진짜 다시봐도 명작이다,10,4,0,2020-01-05 09:10:00,0
70,syha****,영화내내 조승우는 없었다. 그는 초원이였다.초원이가 달리는 것을 보며 나도 모르게 웃음지었다.,10,4,0,2019-11-19 13:22:00,0
71,캉테(jeon****),정말 2000년대 초반 영화들 보면 다들 하나같이 칼갈고 만들었는데.. 요즘 충무로보면 한숨만나온다.,9,4,0,2019-09-27 21:34:00,0
72,myturn(aghy****),예전엔 조승우씨 연기에 감탄하면서 봤는데 다시보니 김미숙님의 엄마 연기가 너무 좋습니다 감정이입이 많이 됐어요 장애를 가진 가족들의 얘기가 진짜 이야기인것 같습니다,9,4,0,2019-09-03 02:09:00,0
73,osmw****,이런말 하긴좀 그렇지만 조승우 진짜 장애인인줄 ... 와 연기가 미쳤네요 진짜로,10,4,0,2019-02-20 01:58:00,0
74,럭키럭키77(si91****),김미숙씨 진짜 명배우시네요,10,4,0,2019-01-25 14:21:00,0
75,호랑이 파워(wpwn****),장애를 가진 사람도 할 수 있다는 것을 보여준다. 장애를 가져도 우리와 같은 사람이고 대단한 일을 할 수 있는 것을 우리 모두 알지만 현실에서는 장애인에 대한 차별이 눈을 찡그리게 만든다.,7,4,0,2018-07-15 02:49:00,0
76,호호(cyvk****),42.195키로를 완주하고 사진찍을때 마지막에 진심으로 스마일하며 활짝웃는 우리 초원이 미소를 볼때 눈물이 왈칵 났어요...,10,4,0,2018-06-05 13:50:00,0
77,하하호호(kmj8****),승우씨 너무 연기 잘하는거 아닙니까...초원이 그 자체♡,10,4,0,2017-12-06 22:21:00,0
78,무크로상(sea0****),신파여도 감동적일 수 있던 시절.,8,4,0,2016-10-11 12:24:00,0
79,징커벨(ssdf****),이유없이 눈물흘리게 될수밖에 없는 영화 빛나는 어머니의 모성애와 초원이의 도전.. 조승우의 연기는 정말 대단하다,10,4,0,2016-07-16 02:15:00,0
80,상기(rlat****),2015년 내나이 36살  10년전볼때는  그냥그런영화  나이가먹고 보니깐 왜이러케 가슴에와땋냐 ㅡㅜ 조승우씨 연기진짜잘하는거같네요,10,4,0,2015-01-20 03:24:00,0
81,echu****,이 영화는 가끔 생각나네요... 다시 봐도 눈물나는 감동적인 영화... 친오빠가 정신지체2급인데.... 잘해주지 못함에 반성과 앞으로의 다짐을 하게 만드네요...,10,5,1,2018-10-31 00:38:00,0
82,하던거계속해(raze****),감독의 연출력과 조승우의 연기..이런 영화좀 많이 나왔으면 좋겟음.,8,14,10,2013-03-03 00:44:00,0
83,feb(sevh****),2020년에 봐도 명작이네요.,10,3,0,2020-07-29 16:35:00,0
84,노력은거짓말(wkdg****),조승우 연기는 미쳤다 진짜레전드다 절대 저연기는 조승우를 넘어서지를못해,10,3,0,2020-05-25 18:11:00,0
85,료료(imar****),"15년전, 10년전, 5년전, 3년전, 1년전, 그리고 지금 또 시청하지만 여태까지도 감정의 변화가 전혀 없다. 그때마다 느꼈던 그 감동은 여태까지도 변화가 전혀 없다. 내 인생 영화중 하나.",10,3,0,2020-04-23 20:45:00,0
86,강도리(kjh_****),나이먹고 다시보면 또다른영화 조승우는 연기신,10,3,0,2017-12-06 02:26:00,0
87,feel****,[ IMDB 7.9/10 ] 꿈은 그 실현여부를 떠나 삶의 목적이자 지금 웃을 수 있는 이유가 되리니. . 엄마라는 이름의 치유영화이자 정윤철감독의 선한 인성을 숨길 수 없는 아름다운 소품.,8,3,0,2016-09-28 01:15:00,0
88,천명(sueb****),조승우 연기 진짜 잘한다,7,4,1,2018-09-08 19:29:00,0
89,ㅤㅤㅤㅤ(ktw8****),말아톤은 13년전이나 앞으로 13년 후나 영원한 인생영화,10,4,1,2018-08-19 02:06:00,0
90,1T(toy3****),조승우의 연기태도에 대해서 다시한번 생각해봅니다,10,4,1,2018-07-11 00:06:00,0
91,acsu****,영화개봉 당시 조승우나이 26이고 촬영했을때 25인데 이런 연기를....,10,5,2,2017-03-04 02:30:00,0
92,hyun****,하류인생의 최태웅. 불꽃처럼나비처럼의 무명. H의 신현. 클래식의 오준하. 타짜의 고니. 퍼펙트게임의 최동원. 내부자들의 우장훈. 그리고 말아톤의 윤초원.. 이게 모두 한 사람이라니 믿기지 않을 뿐이다.. 두번을 봐...,10,7,4,2016-02-15 00:00:00,0
93,잠탱이(rsw9****),초원이는 장애를 치유하고 타짜가 되고 이훔고시공부 빡세게 해서 검사도 됩니다,10,2,0,2020-10-20 18:28:00,0
94,유니(lyun****),조승우 연기 너무 너무 잘해요 ㅠㅠ 소름,10,2,0,2020-10-20 06:34:00,0
95,환희의송가(prec****),"이십대에 이 영화를 처음 봤을때도 좋았지만, 30대가 되어 다시 보니 초원이 같은 순수한 마음이 너무 그리워진다. 그리고 어머니와 동생, 코치님의 희생과 같은 이야기도 이젠 주위에서 듣기 힘든 일이 된거 같아 안타깝...",10,2,0,2020-10-18 21:34:00,0
96,김영아(pshf****),몇번을 봐도 개명작이다 ... 조승우 연기가 정말 미쳤다 어떻게 저런 연기를 하냐고 ㅠ,10,2,0,2020-10-13 23:39:00,0
97,타니탄(tani****),조승우 손끝하나 시선처리하나하나 초단위로 OOO기력...,10,2,0,2020-09-30 21:29:00,0
98,차오(chao****),나중에 조승우라는 사람을 알았지만 난 이영화를 보면서 연기라고 생각하지 못했다,9,2,0,2020-06-17 03:21:00,0
99,정채윤(dorn****),"살다보니까, 그냥 뛰고싶을때가 있더라... 초원이 처럼",10,2,0,2020-05-20 02:09:00,0
100,dkrd****,하염없이 눈물이 났네요....,10,2,0,2020-03-23 01:24:00,0
101,송본수인(dbtn****),16년 지나 다시보니 더 명작,9,2,0,2020-03-23 01:19:00,0
102,강도원(ehdn****),인생에서 꼭 한번은 봐야하는 영화인듯..,10,2,0,2020-03-13 17:42:00,0
103,아가(asdf****),세상에 다 같은 대한민국 엄마다,10,2,0,2020-03-01 15:28:00,0
104,나은(ahen****),진짜 최고의 영화,10,2,0,2020-02-05 15:35:00,0
105,TAMI(sua3****),너무 슬프지만 아름다운 영화.,10,2,0,2020-01-06 00:10:00,0
106,김현규(exor****),타짜를 먼저보고 이걸보면 적응이안됨.,10,2,0,2019-11-08 01:10:00,0
107,vip(vip7****),"조승우 연기력은 정말,,",10,2,0,2019-10-17 17:30:00,0
108,전우현(dong****),명작. 조승우의 연기가 돋보인다,10,2,0,2019-10-15 00:00:00,0
109,8884(jcpa****),가슴 아프도록 따듯한 영화,10,2,0,2019-10-08 05:07:00,0
110,조니뎁(0102****),왜 2000년대 초반에 외국에 한국영화매니아가 생기는지 알수있었던 감정선을 보여주는 영화 ㅡ,10,2,0,2019-10-07 11:37:00,0
111,jjj(jooh****),처음으로 영화관에서 펑펑 운 영화..,10,2,0,2019-06-26 03:54:00,0
112,소미(5265****),재개봉해주세요ㅠㅠ…,10,2,0,2018-12-22 01:54:00,0
113,남미경(mkna****),"잘 짜여진 각본, 가슴 울리는 대사와 조승우의 명연기!",9,2,0,2018-11-24 16:46:00,0
114,csso_2(ckst****),오랜만에 봐도 참 따뜻한 영화.. 조승우 연기가 정말 ㅠㅠㅠ 눈물나게함..,10,2,0,2018-10-26 23:17:00,0
115,가을여행(flee****),이런 명작을 이제라도 보게 돼서 너무 좋습니다,10,2,0,2018-10-12 01:23:00,0
116,행복한 오늘(jjon****),스무번 이상을 보고 또 본 영화고 지금도 보고있는데.. 이런게 명작 아닌가 싶습니다. 볼때마다 감동이에요. 연출 연기 음악 영상 모든 조합이 완벽합니다,10,2,0,2018-10-09 12:43:00,0
117,김모씨(mjcl****),저가 보니까 이 영화가 500만명을 돌파하고 조승우의 연기가 아주 좋을 것 같습니다.,10,2,0,2018-04-04 15:47:00,0
118,V4(leem****),조승우 연기는 진짜 국보급...,10,2,0,2018-03-13 02:15:00,0
119,멍뭉(govl****),인생눈물버튼 영화 ㅠㅠ,10,2,0,2018-02-01 15:08:00,0
120,abcs****,어렸을 때 본 영화인데 커서 보니 또 느낌이 다르네요 ㅠㅠ,10,2,0,2018-01-28 04:26:00,0
121,예진(yeaj****),진짜 조승우 짱..진짜 짱...,10,2,0,2018-01-08 19:43:00,0
122,곽중원(jang****),웃음포인트인 부분도 있었지만 자폐증을 가진 소년이라는 주제를 가진만큼 울면서 본 영화였다,10,2,0,2017-12-16 10:35:00,0
123,1(o_od****),생각이 깊어지는 영화입니다.,10,2,0,2017-12-06 02:34:00,0
124,atoz****,아직까지 감동이 가시질 않네요새 이런 명작좀 만들어라,10,2,0,2017-12-04 21:31:00,0
125,우리지훈이(mins****),초원이 다리는 백만불짜리 다리 초원이 가슴이 콩닥콩닥 뛰어요 초원이 몸매는 끝내줘요,10,2,0,2017-11-21 20:58:00,0
126,푸르(hang****),"조승우 님 연기 너무 잘해서 영화에서 인물 그 자체임.. 지금 생각해보면 소름 돋을 정도. "" 초원이 다리는 백만불짜리 "" 절대 안 잊혀질 대사",9,2,0,2017-11-14 19:31:00,0
127,anjfqhktlqk(bore****),제 인생영화 ㅠㅠ 왜때문에 별점10점이 최대?? ㅠㅠ 10만점 줘도 모자름 ㅠㅠㅠ,10,2,0,2017-08-13 18:44:00,0
128,nice****,초원이 다리는 백만불 짜리 다리 . 내다리는 백원짜리 다리 ㅡ.ㅡ;;,10,2,0,2017-08-12 05:09:00,0
129,카미님(dudg****),당연열개지ㅠㅠㅠㅠ조승우 완전짱,10,2,0,2017-07-31 00:50:00,0
130,GGEM(zia7****),대박... 조승우 연기 정말 잘하네요. 김미숙씨 연기도 인상깊었습니다. 좋은 영화 감사합니다. 초원이 다리는 백만불짜리 다리.,10,2,0,2017-01-22 03:20:00,0
131,고별(chsh****),어렸을적에 단순히 장애를 극복하는 영화라는 인식으로 기억하다가 얼마전에 다시보고 새삼 놀랐다,10,2,0,2016-06-21 20:37:00,0
132,현지(gusw****),별점 10개도 부족한 명품영화!조승우배우님 연기 진짜 잘 봤습니다!정말 조승우배우님 사랑합니다♡,10,2,0,2016-06-10 14:12:00,0
133,빨개(sil4****),오늘 ebs에서 하길래 다시 봤는데 뭔가 옛날에 봤던 느낌이랑 다르네 잘만든 영화같다,9,2,0,2016-06-08 02:49:00,0
134,뚜정(rmsa****),10점이 아니라 100점도 모자른 영화네요.,10,2,0,2016-06-06 00:56:00,0
135,조승빈(choj****),와 진짜명 내인생영화,10,2,0,2016-06-06 00:05:00,0
136,스템포드브릿지로(song****),솔직히 말아톤도 우리나라 역대 영화중하나라고 생각한다,10,2,0,2016-02-29 00:47:00,0
137,창문넘어79(ssoz****),마라톤의 조승우 신들린 연기가 지금의 그를 있게 만들다.,10,2,0,2016-01-22 16:44:00,0
138,나니깐(cooc****),7살 때 집에서 가족들이랑 처음 영화보다가 울었는데 슬퍼서...엄마랑 언니가 왜 우냐면서ㅠㅠ토닥토닥해 주고 조승우 연기에 실제 분인줄 알고ㅠㅠ아 지금 18살에 봐도 슬프고 감동적이다...,10,2,0,2016-01-06 14:44:00,0
139,조정령(chos****),이건진짜 머릿속에 한참남을 영화인것같음,10,2,0,2015-11-01 17:30:00,0
140,아뿔싸(sil5****),조승우의 영화쪽 필모그래피를 한 단계 업그레이드 시켜준 영화. 감동을 잘 전달했다.,8,2,0,2015-09-27 23:53:00,0
141,silv****,조승우의 연기는 정말..,10,2,0,2015-08-01 08:51:00,0
142,삶(kdwt****),1시간 24분에 비가... 비가..주륵주륵..내..려요 할 때 소름과 함께 눈물이 흘러나왔다. 그만큼 조승우씨가 연기를 섬세히 했다는거죠.,10,2,0,2015-05-09 18:02:00,0
143,허니(brig****),조승우의 연기와 스토리 연출모두 눈물겹게 아름다워요,10,2,0,2015-05-08 19:41:00,0
144,함준우(skdu****),인생영화이지요 저연기력,10,2,0,2014-12-16 22:50:00,0
145,djar****,'클래식'보고왔는데 조승우가 이조승우였다니 깜짝놀랐네..,10,2,0,2014-11-30 23:35:00,0
146,향긋한꽃향을(sane****),다시 봤는데.. 전에 봤었을 때랑 또 다른 느낌..,10,2,0,2014-10-03 18:09:00,0
147,찬바람쌩쌩(cdwk****),조승우의 연기가 정말로 빛났던 영화.  김미숙씨 또한 훌륭한 연기!,10,2,0,2014-09-12 06:31:00,0
148,앨리스(skad****),조승우씨 연기도 좋았지만 이기영씨와 김미숙씨 연기도 ㄷㄷㄷ 참 가슴따뜻해지는 영화,10,2,0,2014-05-05 18:31:00,0
149,klw9****,살면서이런감동적인영화는처음이였습니다,10,2,0,2013-01-24 03:33:00,0
150,포근이(gkdu****),감동,10,2,0,2013-01-23 14:35:00,0
151,shut****,최고,10,2,0,2012-11-17 10:40:00,0
152,etoi****,최고,10,2,0,2012-11-07 18:21:00,0
153,jhi0****,초딩때 이거보고 질질짠 ㅠ,10,2,0,2012-11-03 12:02:00,0
154,jins****,절대연기 절대감동,10,2,0,2012-10-24 19:35:00,0
155,레어닉(111m****),제가 좋아하는 국내영화 중 다섯손가락 안에 드는 영화입니다..,10,2,0,2012-09-28 20:44:00,0
156,Corus(ngin****),정말 감동적인 영화~ 뭉클하면서도 웃음이 나요~,10,2,0,2012-09-22 22:09:00,0
157,클레베르(cute****),재미와 감동. 최고의 연기. 진정한 명작 중의 명작!,10,2,0,2012-07-24 21:44:00,0
158,lkye****,다시봐도 감동적인 영화~!,10,2,0,2012-07-14 10:05:00,0
159,shsh****,명작스러운 연기 ㅠㅠㅠㅠ,10,2,0,2012-07-10 16:13:00,0
160,eeod****,감동돋네,10,2,0,2012-06-18 18:53:00,0
161,kiki****,최고의기획 최고의연출 최고의연기  나는 최고의 눈물을 흘렸다,10,2,0,2012-05-14 01:02:00,0
162,alsd****,이건 몇번을 봐도 재밌냐........... 주인공들캐스팅이 너무 잘된것같다,10,2,0,2012-05-14 00:26:00,0
163,카일로렌(ture****),"맨발의 기봉이와 7번방의 선물은 장애인을 웃음거리로 만들었고, 그것만이 내세상은 길거리에 볼일보는 민폐 사람으로 그려졌다. 하지만 이 영화는 앞 망작들과 달리 장애인과 함께 소통하거나 친해질 수 있다는 메세지가 있다...",10,3,1,2020-05-26 22:58:00,0
164,DH(2013****),초원이가 다음해에 화투 칠줄 몰랐지,10,3,1,2019-10-23 22:48:00,0
165,해장2(yhj9****),모든 장면들이 다 의미있다...한장면 한장면 문학을 읽는 것 같았던 영화...다시 한국에서 이런 영화를 볼 수 있을까?,10,3,1,2018-11-01 23:56:00,0
166,안미진(youn****),인생영화 ost도 너무 좋다 ㅠㅠ,10,3,1,2018-05-12 20:50:00,0
167,앤아(emil****),이 영화는 조승우가 최고다 그냥,10,3,1,2018-05-11 10:58:00,0
168,imsoyoung(tlsd****),요즘은 이런 잔잔하면서도 깊은울림을 주는 한국영화가 없는듯.. 무지막지하게 울어!!!울으라고!!!만 외치면서 억지스러운 신파감성 끼워넣는것보다 이런영화가 훨씬 관객한테 깊은 감동과 여운을 남겨준다는 것을 좀 감독들이...,10,3,1,2017-12-29 18:01:00,0
169,국화향기(mirl****),극장에서 보고 오늘 오랜만에 다시 보는데 여전히 넘 좋아요ㅠ조승우 연기 진짜 대단해요..,10,3,1,2017-12-04 00:36:00,0
170,박은혜(eune****),다시봐도 최고의 영화.조승우는 진짜 연기의 신,10,3,1,2017-12-03 23:55:00,0
171,개념탑재(fwgf****),와 오랜만에 TV에서 하길래 봤는데 또 울컥했네...,10,3,1,2016-08-30 16:46:00,0
172,ybi1****,"조승우 대단하다 그리고 묵묵히 옆에서 그 연기를 빛나게 해주는 김미숙, 이기영님의 연기가 정말 감동적이다",10,3,1,2016-06-06 00:22:00,0
173,172(mook****),조승우의 소름돋을 정도로 완벽한 연기.,10,3,1,2016-04-05 00:56:00,0
174,hoki****,정말 명작...조승우 괴물임,10,3,1,2016-01-06 14:40:00,0
175,1(jbg1****),조승우 연기 쩌러용 진짜 자폐아인줄 ㅋㅋㅋ,10,3,1,2015-11-11 14:58:00,0
176,slqo****,조승우 연기 진짜 잘한다...,10,3,1,2015-02-11 12:39:00,0
177,noenemy2013(robo****),조승우는 정말 못하는게 하나도 없는 배우!!! 대단하고 재밌게 잘 봤다,10,3,1,2014-09-04 19:39:00,0
178,5555****,진짜연기짱임신들림♥,10,3,1,2014-05-01 19:42:00,0
179,별님달님(shj2****),말이 필요없다 진짜 너무 연기잘한다 어떻게 어떻게!!! 정말 명품연기,10,3,1,2014-04-12 02:25:00,0
180,qkqh****,재밌게 잘 봤습니다 ㅜ.ㅜ,8,3,1,2014-01-02 16:16:00,0
181,dksd****,또보고싶네요,10,3,1,2013-01-29 15:52:00,0
182,gion****,포스터만봐도 마음이 찡 조승우의 연기는 이때부터 빛나요,9,3,1,2012-11-05 03:48:00,0
183,mglo****,아이고 슬퍼. 눈물의향연ㅋㅋ 조승우는 예나지금이나 연기를 너무잘하네. 후반부 달릴때는 정말 폭풍눈물이었다. 진정한 가족영화.,9,3,1,2012-11-04 00:04:00,0
184,khj9****,비가 주룩주룩 내려요 짱임,10,3,1,2012-08-12 19:19:00,0
185,star****,백만불 짜리 연기와 백만불 짜리 영화,10,3,1,2012-05-12 19:53:00,0
186,HERA(0707****),조승우 연기가 보고싶어서..다시 다운받아 본 영화.. 조승우 때문에 더욱 더 빛난 영화.. 배우하기 위해 태어난듯..,10,4,2,2018-01-11 03:19:00,0
187,은덕(wolf****),조승우 분명 장애가 없는걸 아는데 영화 보면서 순간 조승우 장애가 있었나..? 라고 생각했다ㅋㅋㅋㅋ 진심 연기 캐잘해ㅠㅠ 감동과 웃음까지....완전 최고,10,4,2,2016-10-21 06:06:00,0
188,노바(gktm****),이때 조승우 나이 26...  명불허전이다 정말.,10,4,2,2016-09-17 03:05:00,0
189,that****,조승우~♡♡♡감동입니다보는내내 너무귀엽고 짠하고 눈물나고 마음아프고....자폐  연기  아니라 자폐같아서  계속놀람...  연기....너무잘한다..최고다....,10,4,2,2016-06-08 01:19:00,0
190,마블의 세상(kiss****),극장에서 본지가 엊그제 같은데 벌써 11년이란 세월이 흘렀구나 개봉당시 조승우의 연기가 갑이었지 진짜 바보인가? 라고 착각을 했었으니까 하지만 더 이상한건 전체 관람가 인데도 불구하고 전혀 지루하지 않고 몰입이 잘 ...,10,4,2,2016-04-29 21:43:00,0
191,hyw0****,조승우 사랑해ㅠㅠ초원이 다리는? 백만불짜리 다리! 초원이 몸매는? 끝내줘요!,10,4,2,2015-11-05 22:56:00,0
192,도넛츠(jsd6****),조승우 .... 진짜 좋아하는 배우 중에 한명 지적장애 가진 부모들은 조승우 모습을 보면서 우리 아이도 뭔가 할수 있는 게 있을거야 라고 믿음 준 영화이다. 초원이는 달리는 게 좋은 게 아니라 행복하더고 느끼는 순수...,10,4,2,2015-06-01 15:21:00,0
193,투스텝(mcne****),정말 잘 만들었다. 무조건 때려부숴야지만 재밌는 영화가 아니다. 억지감동 억지웃음이 하나도 없었다. 어느 한 부분이 아니라 영화 전체가 울림을 주는 영화 스토리 정말 잘 만들었다.,10,4,2,2015-03-24 23:25:00,0
194,yys3****,조승우란배우정말매력있다천의얼굴,10,4,2,2014-07-17 01:03:00,0
195,dmsd****,내가 6살쯤나온걸 지금 보는뎈ㅋ진짜 감동적이고 재밌다! 진짜 재미있는부분도 많이나오고bb그와중에 조승우는또멋있고...장애인연기도 멋있게하시넼ㅋ,10,4,2,2014-04-22 03:15:00,0
196,onliner(jame****),재미+감동+조승우,10,4,2,2012-11-12 16:15:00,0
197,total 01(b612****),몇 번을 봐도 좋다. 조승우의 연기도 훌륭하지만 그것을 받쳐주는 김미숙님의 연기도 너무 훌륭하다. 행동하나 표정하나 정말 디테일하다.  거기다 음악까지 너무 좋은.  더 이상 뭘 바라겠는가 ! 최고 !,10,4,2,2012-10-28 05:52:00,0
198,김예진(kyji****),조승우보려고 봤다가 조승우는 없고 초원이만 있었다...연기갑이다진짜,10,5,3,2018-07-28 03:58:00,0
199,히히히(hyaw****),"초원이의 춘천 마라톤에서, 초코파이를 버리는 장면을 비롯해 사람들과 하이파이브를 하고 또 수영장 지하철역을 달리는 상상을 하는 장면은 정말 영알못인 저도 영화가 말하고자 하는 바를 명확히 파악할 수 있었던 장면이었습...",10,5,3,2017-12-04 01:12:00,0
200,123(0_18****),어렸을때 봤는지 안봤는지 기억이 안 났었는데 초원이가 자두 먹는 장면을 보니 딱 그 장면이 기억나더라. 성인 되고 보니 영화가 정말 훌륭함. 연출이 완벽하고  모든 배우들이 연기를 정말 잘했는데 특히 조승우의 연기가...,10,5,3,2017-07-27 22:15:00,0
201,도 라 미(fion****),조승우연기완전존경합니다.사람들이왜조승우조승우하는지알것같은영화예요!,10,5,3,2014-05-18 14:45:00,0
202,jean****,백만불짜리연기,10,5,3,2012-05-14 01:13:00,0
203,완치확정현석(glgl****),하 이영화개봉해서 극장에서 볼때  정신질환인 강박증이 발병하여 아직까지 괴로워 하고있습니다 같은장애는 아니지만 정신장애나 신체장애 주변인들과 본인의 괴로움 또  좋아하는것에 열정을 아주 잘표현 한것 같은 영화입니다 ...,10,6,4,2018-05-22 02:28:00,0
204,윤가희(bubl****),조승우는 확실히 미친 배우다. 이 정도의 연기 스펙트럼을 가진 배우가 대체 어디 있단 말인가,10,6,4,2018-02-01 15:01:00,0
205,Jess(bibi****),이때 조승우 진짜 자폐아 섭외한건 줄 알았음... 더 충격적이었던 건 이거 다음에 본 영화가 타짜였음....,10,6,4,2017-08-19 20:51:00,0
206,수민(ax62****),조승우에게 놀랐습니다.암살과 내부자들과는전혀다른 연기세계를보고 조승우가 얼마나 대단한지 알게됬습니다.,10,6,4,2016-08-19 20:10:00,0
207,Universe(qtg7****),이영화를 보면 조승우씨의 연기력이 대단함을 알 수 있다.완전 빙의된줄...,10,6,4,2016-08-13 22:10:00,0
208,마요네쯔(youa****),예전에 봤을땐 슬프다는생각이 안들었는데.. 다시 보니깐 완전 펑펑울었음ㅠㅠ 정말 조승우 연기쵝오~!!,10,6,4,2014-10-03 19:22:00,0
209,JK(ghml****),"초원이만 생각한 엄마, 엄마만 생각한 초원이..... 진짜 감동임... ㅠㅠ",10,6,4,2013-03-14 19:09:00,0
210,안경소녀(hw98****),조승우씨 넘 연기 잘하네여 ..감동이도는 영화,10,6,4,2012-09-07 00:07:00,0
211,aksg****,"초원이 다리는 백만불 짜리 다리 , 몸매는 끝내줘요~ 재미와 감동을 얻어가는 영화..",10,6,4,2012-07-05 20:06:00,0
212,영감(jyg3****),난 이거 따뜻한 가족 휴먼드라마인줄 알고 밥먹으면서 봤는데 울면서 먹다가 얹쳐서 하루종일 고생했었다.슬퍼서 눈물이 나온적은 많은데 감동의 눈물은 처음 흘려봤다.억지 눈물 쏟게 하는 3류 영화랑은 차원이 다름 배우들 ...,10,7,5,2018-08-09 19:45:00,0
213,비린내나는부둣가를(rock****),미친 조승우 이 연기를 25살에 했다고? ㅋㅋㅋ,10,7,5,2018-08-07 10:43:00,0
214,스페셜잉여(wodk****),진짜 조승우 남자연예인으로써 좋아했는데 어릴때본 말아톤주인공인거 알고 충격먹었었다.. 진짜 장애인데려다 찍은줄알았는데 조승우였더니.. 그땐진짜 배우중에탑이라고 느껴지더라,10,7,5,2015-12-15 21:37:00,0
215,달콤쌉싸름(xnxl****),역설적이게도 조승우가 그 어떤 무대에서 보인 연기보다도 자연스럽고 무게를 뺀 담백했던 연기가 일품이었던 순간. 이야기의 울림보다 조승우가 선보였던 압도적인 존재감이 이 영화를 채우고 달려 나간다.,8,7,5,2014-09-19 14:40:00,0
216,juji****,조승우 짜응~♡,10,7,5,2012-11-07 17:06:00,0
217,jmyc****,조승우의 펜이 되게 한 영화. 나의 한국 영화 베스트,10,8,6,2012-12-11 01:19:00,0
218,adad****,진짜강추ㅠㅠ특히초원이의연기력이제일짱ㅈ이엿어요!,10,8,6,2012-11-27 22:24:00,0
219,창문(08ga****),진짜 7번방 류승룡? 조승우 연기 보면 아무것도 아니다,10,9,7,2017-12-06 23:59:00,0
220,김지혜(wlgp****),쫄리시면 뒤지던가 하던 고니가 초원이 다리는 백만불짜리 다리 라고 외치는 초원이랑 같은 사람이라니.. 조승우 연기실력이 대단하다는걸 새삼 다시 느끼게 해준 영화,10,9,7,2016-11-09 12:17:00,0
221,돼지바(kyun****),"이런영화 또 없나요??  폭풍감동 ,, 보고나면 조승우에 완죤 홀릭!!",10,9,7,2012-12-21 17:38:00,0
222,이동원(4852****),아 너무 감동적이다. 재미도 있고,10,10,8,2014-01-09 17:01:00,0
223,emce****,"드라마적 장르와 운동이라는 소재를 바탕으로 만든 한국영화 중 최고의 작품이라 봐도 무방하다. 감동,교훈을 넘어 조승우의 연기 또한 매우 인상적이였다.",10,10,8,2012-11-20 14:46:00,0
224,sky1****,감동의 비가 주룩주룩 내립니다.최고입니다 지금봐도 정말 좋은 작품입니다 조승우씨의 연기덕뿐에 더욱 몰입이 잘되더군요 최고입니다.,10,10,8,2012-09-15 13:40:00,0
225,dlfe****,별이 최대 10점인게 아쉬운 영화,10,11,9,2014-06-20 15:56:00,0
226,Ellena(101b****),연기의신 조승우 쩔어쩔어,10,11,9,2014-04-02 18:19:00,0
227,이소룡(odjs****),정말 감명깊었던 영화.조승우는 역시 만능의 신이다.,10,11,9,2013-01-27 15:53:00,0
228,뽀로리(cute****),진짜 명작인거같다.. 어렸을때 보고 13년후 다시보는데 와.. 채널돌리다본건데 눈물 펑펑쏟음. 조승우는 참배우다.왜 요즘은 이런 명작이 안나올까 아쉽다,10,12,10,2017-12-04 00:53:00,0
229,full moon(fmaq****),조승우의 연기는 정말 최고다.... 김미숙씨도 정말 연기 잘하셨음,10,12,10,2014-07-29 23:51:00,0
230,최강누군가(whrr****),초원이 다리는 백만불 짜리 다리...,10,12,10,2014-01-09 16:30:00,0
231,kks3****,조승우의 연기력때문에 빛이 났던 영화,10,13,11,2013-05-06 00:56:00,0
232,xo하겐다즈(tngu****),조승우씨 연기 정말 잘하신당,10,13,11,2013-05-06 00:05:00,0
233,mvmt****,배우 조승우의 완벽한 자폐증연기가 감독의 연출력과 스토리 속에 잘 어우러져 빛나는영화....말아톤,10,13,11,2013-02-28 02:57:00,0
234,유갑(yosa****),어린 시절에 이 영화를 보고 행복했던 기억만 어렴풋하게 남아있었는데 문득 그 느낌과 기억을 되살리고 싶어서 다시 보게 되었다. 보는 내내 가슴이 시큰하기도 하고 따뜻하고 행복해지기도 했다. 이때의 한국영화만의 따뜻한...,10,1,0,2020-10-27 23:44:00,0
235,샘물(0808****),내용을 다 알로 다시 보니 첫장면 부터 눈물이 나네요...,10,1,0,2020-10-25 13:30:00,0
236,Jihoon Hong(nak1****),계속 울면서봄ㅜㅜㅜㅜ,10,1,0,2020-10-11 21:42:00,0
237,석수민(tnal****),,10,1,0,2020-10-02 13:05:00,0
238,에취(kang****),"""조승우씨 자폐아 연기 한 번 해주세요""라는 기자의 질문에 ""당신은 자폐아에 대한 예의도 상식도 없다""며 현장에 있던 기자를 뻘쭘하게 만든 명배우.. 조승우 사랑해씨발",10,1,0,2020-10-01 04:51:00,0
239,sooy****,조승우가 연기했다는 이유만으로 별점 10점인 영화.,10,1,0,2020-09-16 20:39:00,0
240,리나(lina****),조승우 연기가 레전드입니다,10,1,0,2020-09-12 07:44:00,0
241,기쁨파(joyp****),"""우리 아이는 장애가 있어요""라고 말할때 그냥 눈물 줄줄줄ㅠㅡㅠ진짜 감동적인 영화다..조승우님 연기 너무 잘하셨다....이 영화를 보고 장애가 있는 친구들이 용기를 얻었으면 좋겠다",10,1,0,2020-09-05 19:25:00,0
242,내꿈(stew****),"다시봐도 감동...비가 주룩주룩 내려요.초코파이 버리고 달리던,마지막 진짜 웃음지으며 찍은 사진....말로 표현이 안되게 감동... 조승우씨이미숙님...진짜 연기 최고시네요.팬됐어요~~~",10,1,0,2020-09-05 19:20:00,0
243,김세은(okro****),최고야 조승우 진짜... 감사합니다,10,1,0,2020-09-01 15:38:00,0
244,너에게 닿기를(ka87****),"화려한 액션이 아니어도 주는 몰입과 감정선을 그대로 따라 가다보면 그 영화에 빠지게 만드는 매력,,, 15년이 지난 지금도 손색없는 명작이네요",10,1,0,2020-08-28 22:16:00,0
245,Cheong Gugjang(jake****),진짜 조승우 연기는 레전드,10,1,0,2020-08-26 23:56:00,0
246,기린(leec****),조승우 연기만으로 이영화는 10점을 줄수있음,10,1,0,2020-08-25 01:08:00,0
247,LifeLine(uuvn****),다시봐도 조승우 연기 미친거 같다,10,1,0,2020-08-22 11:52:00,0
248,끙챠너부리(silv****),자폐아 연기를 하는 몇 배우를 봤지만조승우만한 사람을 못봤다. 정말 최고,10,1,0,2020-08-10 15:21:00,0
249,곽철용(pdk1****),스포일러가 포함된 감상평입니다. 감상평 보기,10,1,0,2020-07-11 11:28:00,0
250,쉬딩겔(qee2****),ㄹㅇ 연기가 말이안됨. 물론 다른주연님들도 연기좋았는데 조승우는 뭐 순간적으로 자폐아닌 일반인 같은 감정 표정을 섞을때 그게 넘 씨게 때림,10,1,0,2020-06-27 21:01:00,0
251,모노레일(mono****),백만 불짜리 영화!,10,1,0,2020-05-17 10:34:00,0
252,바두(boun****),"내일의 할 일 ""말아톤"" / ""초원이 다리는?"" / 그동안 장애인, 그리고 장애인과 함께 사는 가족의 삶에 대해 잘 몰랐던 이로서 생각해볼 여지가 많은 영화였다. 이 영화 하나 본다고 장...",10,1,0,2020-05-06 18:59:00,0
253,맘마미아000(oliv****),말아톤을 다시 보고 싶어서 결제하고 보려다 AsiaM tv에서 때마침 하다니...대박~다시봐도 너무 좋은 영화^^,10,1,0,2020-04-23 19:47:00,0
254,오소민(somi****),영화 중반부터 코 막혀서 입으로 숨 쉬어야함ㅠ,10,1,0,2020-04-20 04:31:00,0
255,프리지아(seoh****),내 인생영화.,10,1,0,2020-03-23 01:24:00,0
256,라드(jaei****),더 무슨 말이 필요할까. 함께 행복하게 잘 살자,10,1,0,2020-03-23 01:19:00,0
257,EnHHarmony(zoie****),조승우 정말 개 멋지다. 다른 분들 연기도 다 좋고. 억지감동하곤 먼가 다른게 있다.,10,1,0,2020-03-07 16:44:00,0
258,블루(blue****),스포일러가 포함된 감상평입니다. 감상평 보기,10,1,0,2020-03-06 23:48:00,0
259,김동현(kimd****),,10,1,0,2020-02-29 04:58:00,0
260,roji****,,10,1,0,2020-02-28 01:26:00,0
261,구구(02sh****),"놀라운 조승우의 연기!또한,, 무거운 역할만 맡으시던 이기영 선생님의 매력이 매우 돋보였던 영화인 것 같습니다.",10,1,0,2020-02-26 13:29:00,0
262,김재홍(2wog****),"스토리 , 배경음악 , 연기 모두 훌륭하다 볼때마다 항상 울컥해지고 감동적인 영화 조승우♡♡",10,1,0,2020-02-15 18:41:00,0
263,mjm1****,"조승우의 자폐증 연기가 일품, 중간중간 웃음 포인트와 감동적인 스토리 까지 좋은 영화 입니다.",8,1,0,2020-01-12 21:42:00,0
264,최재혁(kjo7****),오랜만에 보네 재밌게 잘봤다,10,1,0,2019-12-02 16:11:00,0
265,포를랜드출신(qkqh****),"가슴 따뜻해지는 영화 , 조승우란 베우를 알고 싶게 하는 영화 , 내 자신을 되돌아보게 하는 영화",10,1,0,2019-11-26 08:57:00,0
266,박시은(sieu****),"여러가지 감정이 교차하는 영화 명작, 뛰어난 연기력, 장애인들에 대한 시선을 바꿔주는 영화다.",10,1,0,2019-11-06 23:06:00,0
267,박하은(grac****),배우들의 연기가 뛰어났네요,10,1,0,2019-10-05 17:43:00,0
268,민동주(mdj0****),마지막 춘천마라톤에서 완주 다해갈때 즈음 여러 공간에서 비장애인들과 함께 하이파이브 하는 연출도 지렸다,10,1,0,2019-10-04 08:17:00,0
269,임인식(insi****),조승우의 연기력은 역대,10,1,0,2019-10-01 10:11:00,0
270,오늘하루를(zero****),조승우는 초원이 그 자체였다,10,1,0,2019-09-30 19:32:00,0
271,토이토부르거(seyi****),조승우는 완전체다....,10,1,0,2019-09-08 23:58:00,0
272,NPD(syrl****),오랜만에 티비에나오길래 지금 보고있다..감독은 심리학박사출신인가.. 어찌이런감정선들을 잘그려낼수있을까. 그저감탄,10,1,0,2019-09-07 01:09:00,0
273,추모(suna****),조승우씨 연기력뿐만 아니라 다른 배우분들 하나하나의 신 자체가 감동이였어요!!,10,1,0,2019-08-21 23:13:00,0
274,쭈양(jdy0****),조승우 장애우 연기는 역대 최고였다,10,1,0,2019-05-27 15:44:00,0
275,SQUARE IDIOT(yujs****),내 세대 중에 이 영화 안 본 사람? 없지?,8,1,0,2019-05-18 22:20:00,0
276,봄날은 간다(dyki****),조승우의 연기에 지리고 지리고 또 지렸다.,9,1,0,2019-05-14 12:00:00,0
277,미스코리아(bint****),이 영화는 참 장애인 가족이라면 100% 공감하는 내용 전 오빠가 장애가 있는데 엄마는 늘 이런말을 하셨어요 내 앞에 아들이 가야되는데 그래야 눈 감을텐데 그리고 조승우의 연기에 박수를,10,1,0,2019-05-08 23:48:00,0
278,평범한남자(rhwl****),초원이 다리는 100만불짜리 다리,8,1,0,2019-04-29 12:52:00,0
279,꺄륵이(son0****),학교에서 보여줬었는데 생각나서 별점주러 왔어요. 제가 초등학생때 6년내내 같은짝지를 했던 장애인 친구가있어요. 그 친구가 생각이 나더라구요 요즘은 잘 지내련지..,10,1,0,2019-03-17 13:43:00,0
280,wthn****,엄마 가슴 찢어진다... 이 세상 모든 장애인의 부모님들을 존경하고 응원한다,10,1,0,2019-02-27 01:45:00,0
281,함박눈(alov****),수시로 나오는 미소짓게하는 개그들과 물밀듯이 밀려오는 감동코드... 인생영화입니다. 조승우님 현 배우들중에서 최고신거같아요,10,1,0,2019-02-19 00:59:00,0
282,worr****,10점 짜리영화조승우는 말할것도없고 김미숙의 연기또한 일품이다,10,1,0,2019-01-12 14:02:00,0
283,Gana(cofl****),초원이 연기가 너무 좋았고... 엄마 역할분도 목소리가 너무 뚜렷해서? 성우같아서 좋았어요 너무 좋았어요,10,1,0,2019-01-04 02:12:00,0
284,Nam GaEun(skar****),"영화. 내레이션. 초원이. 모든 비유가 완벽한 영화로, '왜?'라는 의문의 시작이 '와!'라는 감탄사로 끝나는 영화. 배역에 완전히 녹아든 조승우의 자유로운 표현과 연기는 놀랍고, 영화의...",10,1,0,2018-12-30 23:44:00,0
285,절세미인(joyc****),"조승우 배우님 정말 의미있는 일을 하셨습니다. 오래 남을 영화, 연기.",10,1,0,2018-12-28 22:17:00,0
286,no78****,정말 감동적이네요 배우분들 훌륭합니다 ㅠㅠ,10,1,0,2018-12-27 00:56:00,0
287,첼시바라기(bonj****),재개봉 안하나요....,10,1,0,2018-11-30 20:19:00,0
288,babi****,하 눈물나는 영화..가슴아픈영화..ㅠㅠ,10,1,0,2018-11-19 21:38:00,0
289,짠둥(zand****),믿을수없다. 최고다.,10,1,0,2018-11-04 09:53:00,0
290,Whity(yjbg****),"결핍을 이겨낸, 편견에 대한 결심.",10,1,0,2018-10-29 18:29:00,0
291,dbwls12(jhj4****),조승우 연기.. 진짜 말이 필요없다 배형진씨 말투 목소리랑 거의 흡사함,10,1,0,2018-09-21 15:10:00,0
292,쵸꼬빙(ahdd****),갓승우 진짜ㅠㅠ대한민국 최고의 배우,10,1,0,2018-09-15 00:46:00,0
293,소년(drac****),군대훈련소때 봤는데 이거보고 울었다...,9,1,0,2018-09-06 19:25:00,0
294,공감(ycs2****),정말 감동적인 영화입니다.,10,1,0,2018-08-19 17:55:00,0
295,No1(fore****),어미 얼룩말이 보이는군요... 야생에서 살아남는 법을 가르칠 것 입니다.,10,1,0,2018-08-09 14:00:00,0
296,코번(mayu****),"한국 영화에도 이런 영화가 있었음을, 이런 배우가 있었음을..",10,1,0,2018-08-04 09:39:00,0
297,손지현(sh_0****),볼 때마다 눈물 나오는 영화,10,1,0,2018-07-28 19:23:00,0
298,whaa****,제인생 처음 영화관에서 봤던 영화인데 지금에서야 평남기네요 첫영화관 영화를 이런걸 봐서 정말 다행입니다,10,1,0,2018-07-28 01:34:00,0
299,무념무상(next****),조승우의 연기는 대단했다. 아직도 장애인들의 편견된 시선이 존재 하고 이해할려 하고 있지만 역시나 내주변에 생기는건 불편한 일이다. 그것을 초월해야 더불어 살아 갈수 있다. 태어나서 장애를 선택하고 태어난 이는 없다...,10,1,0,2018-07-03 16:59:00,0
300,박근재(k550****),정말로 뜨거웠던 영화.,10,1,0,2018-06-12 14:03:00,0
301,ganj****,최고 최고 최고 최고 최고,10,1,0,2018-06-09 23:30:00,0
302,까므와니(dltm****),주인공이 연기를 너무 잘해서 몰입이 잘 됐다 이 영화로 장애인에 대해 조금이라도 긍정적인 인식변화가 된것 같아 감사하게 느껴진것 같다,10,1,0,2018-06-07 13:46:00,0
303,jom3****,연기를 잘해서 진짜라도 믿었을 영화였습니다,9,1,0,2018-06-06 17:06:00,0
304,술래(minn****),정말 아름다운 영화..마라톤 완주한 뒤 활짝 웃는 모습이 너무 예뻤다ㅠㅠ,10,1,0,2018-06-03 11:13:00,0
305,영태(inos****),조승우의 돋보이는 연기력으로 빛나는 낭만적인 이야기,5,1,0,2018-04-25 08:44:00,0
306,마쩡이(lovs****),내 인생영화. 영화를 자주보는편인데도 이만한 영화 찾기가 힘들다모든것이 완벽했고 볼때마다 눈물나는 영화,10,1,0,2018-04-18 00:56:00,0
307,감정3대째(tjda****),진짜 장애인인줄 알았는데 그냥 배우였다는거에 소름,10,1,0,2018-04-01 13:40:00,0
308,이시아(khm1****),이야기의 감정선이 너무 과하지도 심심하지도 않을만큼이라 조용히 울수있었다,10,1,0,2018-03-29 22:41:00,0
309,gnhe****,조승우씨 연기와 김미숙씨 연기와 지루하지 않은 스토리 잘봤씁니다.,10,1,0,2018-03-04 02:10:00,0
310,ardor(smj8****),따뜻한 영화에요. 다시봐도 좋네요.,10,1,0,2018-02-24 12:48:00,0
311,소중해(yes9****),다시 봐도 너무 좋다. 내인생의 명작,10,1,0,2017-12-09 00:25:00,0
312,주희(moon****),말이 필요없죠 또 봐도 재밌네굿,10,1,0,2017-12-03 23:19:00,0
313,ㅂㅈㅅ(zzzt****),"초원이가 웃을 때, 나는 울었다.",10,1,0,2017-11-19 11:54:00,0
314,dlax****,자폐증을 가진 순수한 청년과 그 옆을 묵묵히 지키는 어머니의 모습이 가슴에 와 닿는다.,10,1,0,2017-09-28 20:05:00,0
315,진수정(sb21****),학교에서 봤던영화인데 너무 재밌게 봤어요.추천합니다,8,1,0,2017-08-16 15:36:00,0
316,라벨즈Y(yeal****),학교 국어시간에 보여줬는데 우리아이에겐 장애가 있어요 할때 너무 울었어요ㅜㅜ기억하고 있는게 너무 슬프더라구요ㅜㅜ,10,1,0,2017-07-26 19:45:00,0
317,헌(erin****),여기에나오는사람 연기다잘함 짱잼 감동,8,1,0,2016-07-13 08:56:00,0
318,버블맨(dbst****),그는 끝가지달리는 청년이다,10,1,0,2016-06-08 17:16:00,0
319,소소(gksd****),ebs에서 지금 하는데 넘 재밌네요..,10,1,0,2016-06-08 01:44:00,0
320,부레드피트(kbut****),여러본 보고 또 보지만 볼때마다 감동하는 너무 아름다운 영화. 감동함으로 울고싶을때 추천하는 영화.,10,1,0,2016-06-06 00:54:00,0
321,눈이온다(hjw1****),평가가 필요 없는 영화!,10,1,0,2016-03-20 10:28:00,0
322,shlo****,제 동생이 장애가있는데 제가 결혼해서 셋이생기다보니 여유가 없네요 아빠는 동생 맘고생하시다 돌아가시고 엄마도 몸이  안좋으신데 동생을 맡아 열심히 살고있어요 나오는 내용이 넘 다 와닿고 이늦은시간 다시보고 감동넘치...,10,1,0,2016-02-21 05:11:00,0
323,R8(reig****),이떄 조승우 장애 연기를 너무 잘해서 아직도 조승우 보면 장애아 생각남,10,1,0,2016-01-25 11:10:00,0
324,석탄(qkrw****),진짜 명작 중의 명작!! 내가 제일 좋아하는 영화 앞으로 사람들이 장애를 가진 친구들을 색안경쓰면서 보지말기를 빕니다...,10,1,0,2016-01-07 00:43:00,0
325,DCT(uj04****),와진짜ㅠㅠㅠ 더시봐고 너무슬프다,10,1,0,2016-01-06 14:24:00,0
326,시링(dbtl****),언제나 봐도 감동이다.. 볼때마다 눈물을 흘리는 영화. 초원이가 끝까지 뛰면 좋겠다,10,1,0,2015-12-19 12:28:00,0
327,poly(ejtk****),생각했습니다...오늘..,10,1,0,2015-11-07 12:39:00,0
328,김민지(rlaa****),9살때 봤던 영화인데 문득문득 생각나 슬픈 영화입니다..ㅜㅜ,10,1,0,2015-10-13 00:11:00,0
329,Lincoln(okjs****),처음엔 그냥 장애인에 관련된 이야긴줄 알았는데 나중에 초원이의 이야기와 얼룩말의 생활사를 비교해 보니까 더 심오한 이야기를 담고있었음결론은 정말 명작이다,10,1,0,2015-07-22 14:35:00,0
330,비주얼CPP(kimm****),초원이다리 가격 만한 영화,10,1,0,2015-02-13 13:41:00,0
331,인플레임(kisk****),진정한 감동 영화 어설픈 사랑타령보다 수백배 낫다,10,1,0,2014-12-08 03:03:00,0
332,고갱이(hind****),어렸을 때 연예인 개념없을 때 이 영화 학교에서 틀어줬는데 영화인지도 몰랐지 그냥 봤는데 엄청 나중에 아 연기였구나 알게 되었을 때 소름이 돋았다 그동안 살면서 진짜 장애인으로 알고 살아왔던 것이다! 나의 영원한 연...,10,1,0,2014-11-05 22:58:00,0
333,허리케인(kimy****),너무 감동적이에요ㅠ다시봐도다시봐도 끝내줍니다,10,1,0,2014-07-19 13:24:00,0
334,ㄱㄱㅎ(0115****),감동적이였어요...ㅠㅠ,10,1,0,2014-07-11 16:33:00,0
335,비니비니(syb0****),정말....눈물이안흘러내릴수없는영화같네요..,10,1,0,2014-07-06 21:40:00,0
336,오르비스(kjsn****),초원이가 마음속에 남았다. 자꾸자꾸,10,1,0,2014-06-28 13:12:00,0
337,궁둥궁둥(sksl****),볼때마다 또다른 눈물을 짓게 만드는 이 영화의 힘,10,1,0,2014-06-19 12:08:00,0
338,송하나(thdg****),아.. 이걸 왜 이제야 봤을까요.. 정말 감동이였습니다...,10,1,0,2014-05-25 11:36:00,0
339,EunJI Kim(4349****),진짜 어렸을 때 본 영화 중에서 유일하게 기억남은게 이 영화 인거 같아요. 마라톤 영화 짱짱,10,1,0,2014-05-22 08:39:00,0
340,스타일(dkdl****),다시봐도 너무 감동적이다 나를 다시 되돌아 보게한 영화,10,1,0,2014-05-12 13:59:00,0
341,김가영(fm13****),말아톤 10번을 봐도 10번다 감동적이고 완벽한 영화이다.,10,1,0,2014-05-10 15:16:00,0
342,조은비(jj13****),나의인식을바꾼최고의영화,10,1,0,2014-05-09 09:23:00,0
343,리본(yg17****),내가 초3때 영화보고 처음으로 운 영화,10,1,0,2014-05-05 18:26:00,0
344,ㅋ(govl****),짱짱짱!!학교에서봤는데울었어요ㅠㅠ,10,1,0,2014-04-23 21:49:00,0
345,save****,감명깊은영화 말이필요없음,10,1,0,2014-04-18 06:12:00,0
346,high****,말이 필요없는 영화죠 ^^ 너무 감동적이예요 ~!,10,1,0,2014-04-13 21:50:00,0
347,wnsd****,오랜만에 봤는데 다시봐도 감동적인영화 최고인영화,10,1,0,2014-04-12 17:47:00,0
348,좋은데이(rla0****),gghdhfksdhgkdsg,10,1,0,2014-04-09 22:59:00,0
349,꾹헷(onyo****),어쩜 이렇게 감동을 줄수있는지...,10,1,0,2014-04-06 20:24:00,0
350,토쟁이(maxw****),몇번을 다시봐도 감동... 초반부터 눈물 계속 나요,10,1,0,2014-03-21 17:00:00,0
351,코이(star****),수많은 감동과 마지막 눈물을 흘리게 하는 아름다우며 또 멋있는 영화였어요 다시봐도 좋아요,10,1,0,2014-03-21 11:15:00,0
352,real****,세상 사람들 모두 하나 이상씩은 정신병을 다 가지고 있지유.,10,1,0,2014-02-25 22:57:00,0
353,ysan****,장애인에 대해 다시 생각할수 있었던 좋은 감동 영화..,10,1,0,2013-12-07 01:01:00,0
354,네니오(sanj****),정말 최고의 영화중 하나라고 생각한다 눈물을 펑펑쏟았다그중에서도 좋았던점은 자폐증을가진 주인공을 키우는 과정에서의어머니의 생각과 어려움을 보기좋고 와닿게 표현을 잘했던것이였고마지막장면에서 주인공이 활짝웃는장면이 마음...,10,1,0,2013-12-02 18:35:00,0
355,크로우리드(jp66****),"눈물이 많은 편은 아닌데, 처음으로 극장에서 흐느끼면서 봤던 영화입니다.",10,1,0,2013-10-29 00:55:00,0
356,wldu****,지금 이비에스에서 해주네 슬퍼...연기너무잘함..,10,1,0,2013-05-09 01:19:00,0
357,솔몬혜윤(pola****),오래도록 감동을 주는 한국최고의 영화,10,1,0,2013-04-07 00:47:00,0
358,corp****,와 진짜 보면서 엉엉울었어요진짜 감동적인 영화 꼭 보세요,10,1,0,2013-03-09 23:43:00,0
359,wjda****,감동+웃음+재미+명품배우+10점만점에10점!,10,1,0,2013-02-09 18:14:00,0
360,제인(nt12****),두번 다신 없을 최고의 영화,10,1,0,2013-02-02 03:55:00,0
361,soye****,세월이 흘러도 영화의 내용이나 결말이 변하지않는것처럼 감동도 변하지않는 영화,10,1,0,2013-01-11 02:12:00,0
362,리구블리(rorn****),옛날기억으로 ..,9,1,0,2012-12-31 01:06:00,0
363,kim_****,어렸을때 봤던 기억이 생생하다 얼마나 슬프던지 다시한번 봐야겠다 기간별 평점도 일정하고 정말 베스트영화긴 한가 보다,10,1,0,2012-12-30 13:42:00,0
364,Minecraft(leeh****),내가 본 영화중에 가장 감동적인 영화였던것 같다.,10,1,0,2012-12-27 22:07:00,0
365,lasw****,다시 봐도.. 말로 듣는 것보다 직접 보아야만 느낄 수 있는 감동..,10,1,0,2012-12-13 15:52:00,0
366,dldl****,진짜 진짜 재밌고 감동적임 ㅜㅜ 꼭 보세요,10,1,0,2012-12-07 12:19:00,0
367,kkm9****,"재미,감동,연기 모두 퍼펙트한 영화!!",10,1,0,2012-12-03 22:48:00,0
368,송화용(ssw7****),정말 감동적이에요 ㅠ.ㅠ 이런 영화 다시 나오겠지요 ??,10,1,0,2012-11-24 15:49:00,0
369,똥꾸멍(tlsw****),정말.. 보면서 눈물이.. 지금도 있을수 없는 최고의 영화입니다..!,10,1,0,2012-11-09 18:36:00,0
370,덩(z469****),최고의 영화!,10,1,0,2012-11-07 20:58:00,0
371,esse****,맨발의기봉이 별빵개글러브 별 두개말아톤 열개,10,1,0,2012-11-07 18:23:00,0
372,kims****,아직도 초원이가 달리며 그때 당시 생생하게 들리는 멜로디에 슬픔이 아련하고 감성을 자극하게 만든다.,10,1,0,2012-11-06 23:33:00,0
373,mera****,짱,10,1,0,2012-09-12 22:29:00,0
374,요섭이빤쮸(rkfm****),이 영화를 보는내내 제 오빠가 생각이 많이 났어요! 저희 오빠도 자폐증을 앓고 있어서 더욱 공감이 되는 영화였습니다! 정윤철감독님 좋은영화 감사해요!,10,1,0,2012-07-27 14:02:00,0
375,ehdg****,한국영화 명작중 명작,10,1,0,2012-07-21 08:54:00,0
376,sh15****,"2,3번 봐라 자동적으로 10점이다.",10,1,0,2012-07-10 16:13:00,0
377,hans****,슬프고재밌네요.. 울었어요 ㅜ,10,1,0,2012-06-23 16:31:00,0
378,kth3****,감동,9,1,0,2012-06-23 16:25:00,0
379,q789****,명작 예고편만바도 옛날의 추억때문에 눈물이...,10,1,0,2012-06-18 16:19:00,0
380,lipe****,굳.. 굳..감동 왜 이제서야 보았을까,10,1,0,2012-05-25 20:12:00,0
381,tpdm****,넘 슬퍼,10,1,0,2012-05-23 19:38:00,0
382,hmh0****,^^ 아름다운~,10,1,0,2012-05-14 01:01:00,0
383,epsl****,최고!,10,1,0,2012-05-14 00:59:00,0
384,pjw9****,몇번을 봐도 재미있다.,10,1,0,2012-05-14 00:36:00,0
385,wngp****,"아직까지도 최고의 영화로 꼽히는,",10,1,0,2012-05-13 23:44:00,0
386,nimo****,정말 좋다 이영화,10,1,0,2012-05-12 05:11:00,0
387,elag****,조승우는.. 말이필요없다 남자배우중단연 톱이다,10,1,0,2012-04-11 00:18:00,0
388,o0o1****,초원이 다리는 백만불 다리 ~ 볼만함,8,1,0,2012-03-25 00:13:00,0
389,sobi****,아...보면 볼 수록 재밌기도 하구...너무 감동적이어서 코 끝이 찡하네요...,10,1,0,2012-02-11 14:31:00,0
390,lana****,"간만에 다시봤는데 눈이 살짝 촉촉...ㅋ 후, 재탕해도 좋은영화다",10,1,0,2012-02-07 16:37:00,0
391,fpdl****,정말 명작...ㅠㅠ오늘 4번째 보는데 여전히 슬프고 눈물난다ㅜㅜ,10,1,0,2012-02-04 02:04:00,0
392,enia****,볼만했다.,7,1,0,2012-01-27 11:15:00,0
393,sera****,연기도 멋지고 감동적이었습니다.,10,1,0,2012-01-14 12:47:00,0
394,lucy****,진심 굳 ! 감동적임 ㅠㅠㅠㅠㅠㅠㅠㅠㅠㅠ  ㅠ ㅠㅠㅠㅜㅠㅠ 폭풍눈물ㄹ,10,1,0,2012-01-13 20:19:00,0
395,5025****,조승우는정말 연기자중에 쩌는거같음,10,1,0,2012-01-09 23:51:00,0
396,bari****,재미 감동 연기 세가지를 모두 갖춘영화!,10,1,0,2012-01-05 02:03:00,0
397,0105****,감동적인영화,10,1,0,2011-12-29 08:15:00,0
398,dmsw****,조승우는 정말 어떻게 이렇게 연기를 잘할 수가.. 초원이 때문에 울고 웃었던 영화,10,1,0,2011-12-28 23:50:00,0
399,lees****,조승우 연기 쩔어...!!!!,9,1,0,2011-12-27 13:05:00,0
400,kke4****,또봐도 감동적인영화...진짜 조승우의 연기는 말로표현못한다,10,1,0,2011-12-25 12:32:00,0
401,whwk****,정말 재밋습니다 !,10,1,0,2011-12-24 08:21:00,0
402,vict****,연기도대박이고 진짜 눈물남ㅠㅠ,10,1,0,2011-12-22 19:40:00,0
403,gabi****,너무 감동적이에요ㅠㅠ 연기도 너무 잘하구요ㅠ 꼭 봐야되는 영화라고 봐요,10,1,0,2011-12-07 06:07:00,0
404,3434****,이 모든 게 다 연기였다는 사실이 믿겨지지가 않네요. ㅠㅠ,10,1,0,2011-12-02 18:01:00,0
405,true****,조승우란 배우를 알 수 있게 만든 영화. 소름돋을 정도의 연기력,10,1,0,2011-10-24 01:18:00,0
406,al11****,조승우연기너무잘해서몰입이잘됨넘슬퍼감동적ㅜ,8,1,0,2011-09-24 23:22:00,0
407,aris****,초원이 다리는~?,10,1,0,2011-09-17 21:58:00,0
408,cbj5****,조승우 연기 잘하네~~...감동이었어...,8,1,0,2011-08-27 18:09:00,0
409,betc****,"조승우란 배우에게 호감을 가지게 된 계기, 그걸 만들어준 작품!..",8,1,0,2011-07-26 21:25:00,0
410,lala****,"자폐증 아들과 엄마의 감동스토리, 조승우의 연기는 최고였다.",9,1,0,2011-07-26 21:14:00,0
411,mais****,배우들의 열연으로 더욱 감동적인 영화...,8,1,0,2011-06-28 03:10:00,0
412,pwoo****,"재미, 감동, 연기 모든게 탁월한.. 참 기억에 오래남을 영화",9,1,0,2011-05-21 21:43:00,0
413,lost****,자폐증 초원이 역할을 멋지게 잘 소화해낸 조승우 대단하다!,10,1,0,2011-05-13 11:30:00,0
414,ledj****,오랜만에 봐도 울컥하는 영화...조승우와 김미숙의 연기가 너무 빛났당,10,1,0,2011-05-11 11:17:00,0
415,euka****,최고,10,1,0,2011-04-25 10:00:00,0
416,wind****,주연 2명의 명품연기로 인한 전달력과 엔딩후의 잔잔한 여운까지 너무 좋았다..,9,1,0,2011-02-17 21:07:00,0
417,ksc4****,진짜 눈물난다.,10,1,0,2011-02-12 12:21:00,0
418,hyeo****,좋음,8,1,0,2011-02-10 17:37:00,0
419,suck****,최고의 연기 최고의 배우^^,10,1,0,2011-01-13 22:17:00,0
420,yaky****,뼈 속까지 시릴 줄이야.... 아~ 조승우....,9,1,0,2010-09-24 19:46:00,0
421,bbc9****,재미있는말아톤영화,10,1,0,2010-08-08 15:45:00,0
422,cand****,진짜감동 !!,10,1,0,2010-07-18 10:51:00,0
423,rkdt****,"정말 감동적인것 같아요~ ㅠ,.ㅠ+10000000000",10,1,0,2010-06-25 21:18:00,0
424,pmc3****,감동적인 재밌는 영화네요 ^^,10,1,0,2010-06-12 00:49:00,0
425,22wo****,감동적인 재밌는 영화네요 ^^,10,1,0,2010-06-10 16:29:00,0
426,kimw****,완전 짱 ㅋㅋㅋ,10,1,0,2010-05-24 19:48:00,0
427,summ****,이영화볼때까지만해도 조승우 몰랐다 그래서 더 초원이를 좋아할 수 있었던 것 같다.,10,1,0,2010-05-18 20:03:00,0
428,reco****,다시태어난 조승우. 반짝반짝 빛나는 배우들의 앙상블.,9,1,0,2010-04-26 00:06:00,0
429,mygr****,"실화가 주는 감동을 빼면 별로 남는 게 없지만, 조승우의 연기 하난 칭찬받을 만하다",7,1,0,2010-04-08 12:41:00,0
430,bhp1****,조승우의 연기하나는 제대로 남는다,7,1,0,2010-02-07 23:23:00,0
431,kyz9****,어느영화보다감동적,9,1,0,2010-01-04 23:28:00,0
432,krai****,조승우 너무 대단한 배우 ^^ 초원이 다리는 백만불짜리 다리~~,9,1,0,2009-12-31 19:42:00,0
433,jsn9****,감동적........ㅠㅠㅠㅠㅠㅠㅠ,10,1,0,2009-12-24 11:15:00,0
434,hyun****,최고..날 울리게 만든..최고의 영화,10,1,0,2009-09-07 21:59:00,0
435,rjsw****,따뜻한 영화,8,1,0,2009-09-02 00:07:00,0
436,iss2****,가슴따뜻해지고 짠해지는.......,9,1,0,2009-06-19 00:33:00,0
437,skfl****,감동 그 자체였다.,10,1,0,2009-06-14 16:32:00,0
438,stk8****,눈물난다....,10,1,0,2009-06-13 00:53:00,0
439,wish****,많이 울었던영화,10,1,0,2009-06-12 01:03:00,0
440,haha****,우와 감동적임!!,10,1,0,2009-06-08 15:27:00,0
441,uijs****,2005년 최고의 영화,10,1,0,2009-06-07 21:42:00,0
442,1996****,감동적입니다..,10,1,0,2009-05-29 23:53:00,0
443,ramk****,"감동+,,. 자폐아 연기 너무 잘했어요..",10,1,0,2009-05-17 00:25:00,0
444,gmlw****,멌져,10,1,0,2009-04-27 18:41:00,0
445,dntj****,재밋음,10,1,0,2009-04-25 00:09:00,0
446,xxx3****,감동~~~~했쓰무니당.,10,1,0,2009-04-22 21:12:00,0
447,hs21****,아주 재미있어요 ㅎㅎ굿~~,10,1,0,2009-04-22 18:48:00,0
448,mega****,왜 조승우이지 알았다.. 너무 아름다운 이야기~,10,1,0,2009-03-27 23:34:00,0
449,kano****,"연기력도 최고, 내용도 최고......엉엉 그저 울지요.",10,1,0,2009-02-01 15:15:00,0
450,popp****,조승우의 연기 굳,10,1,0,2009-01-22 19:22:00,0
451,1227****,아직도조승우가윤초원으로보인다.,10,1,0,2009-01-17 00:22:00,0
452,dbse****,"조승우의 연기변신이 성공했고, 가슴을 뭉클하게 만든 영화",7,1,0,2008-12-18 17:34:00,0
453,samn****,"조승우의 멋진 연기, 장애인을 관한 사실적인 모습들과 고민한 흔적 최고다",10,1,0,2008-11-28 19:25:00,0
454,only****,조승우와 정윤철의 훌륭한 만남. 드디어 자신의 이기심을 깨닫는 어머니,6,1,0,2008-10-11 23:38:00,0
455,jiah****,조승우 연기 최고다..엄마 김미숙도 연기 좋음..감동적..ㅠㅠ,10,1,0,2008-09-29 13:12:00,0
456,6qks****,너무 자연스러운 조승우의 연기에 놀랐음.. 원래 조승우 좋아했지만 더 좋아진듯,10,1,0,2008-09-20 21:55:00,0
457,play****,조승우의 연기력,10,1,0,2008-09-15 17:10:00,0
458,juj0****,조승우가 연기 잘 하는 줄은 알았지만.. 정말 연기 잘하시네요.눈물 펑펑ㅜㅜ,10,1,0,2008-09-09 19:46:00,0
459,gvea****,조승우굿,10,1,0,2008-08-25 23:35:00,0
460,dlae****,역시  조승우,9,1,0,2008-08-24 21:18:00,0
461,xkxn****,이건 조승우에게 주는 점수 100점 만점 최고!!! 맨발의 기봉이랑 정말 차이남 -_-,10,1,0,2008-08-24 13:10:00,0
462,skys****,조승우 연기 개잘하더라,10,1,0,2008-08-13 23:55:00,0
463,sjwo****,조승우 연기만으로도 10점 만점...!!!!,10,1,0,2008-08-08 18:55:00,0
464,tmdd****,조승우의 연기 하나 건졌다,8,1,0,2008-06-27 01:13:00,0
465,saga****,조승우의 새로운 발견,8,1,0,2008-06-13 00:52:00,0
466,ygwa****,굿! 모든배우의연기도한굿!,10,1,0,2008-06-05 15:57:00,0
467,heeh****,어디 내놔도 손색없는 영화. 조승우 최고.. ㅠ_ㅠ,10,1,0,2008-04-09 19:38:00,0
468,kong****,최고엿어 초원이,10,1,0,2008-04-06 16:16:00,0
469,dbsw****,감동적이에요 ㅜ.ㅜ,10,1,0,2008-04-05 15:31:00,0
470,wook****,초원이 연기는 백만불짜리 연기,10,1,0,2008-03-28 17:33:00,0
471,wlgm****,"자폐아와 부모의 갈등과 감동을 잘 그렸고,조승우의 연기가 인상깊다.",8,1,0,2008-02-13 22:20:00,0
472,self****,영화 어디에도 조승우는 없었다!! 감동의 물결이 밀려온다..,10,1,0,2008-02-12 11:59:00,0
473,jral****,"조승우 연기 최고, 감동 최고!",10,1,0,2008-02-10 17:32:00,0
474,kang****,"조승우의 영화다. 엄청난 연기력, 그리고 마지막 씨익 웃는 그모습은.. 쵝오",8,1,0,2008-02-09 14:30:00,0
475,jise****,조승우 연기 정말 짱! 감동물씬~,10,1,0,2008-02-05 13:46:00,0
476,refr****,조승우의 연기 변신 ㅇ.ㅇ!! 초원이 화이팅~,8,1,0,2008-01-25 23:19:00,0
477,dkra****,언제나 멋진 쿨한모습을 보여주는 조승우의 또다른 모습?? ^^,10,1,0,2008-01-25 15:24:00,0
478,reig****,실화라서 더 볼만했던 영화 연기력이 볼만했음.,10,1,0,2008-01-24 21:02:00,0
479,sung****,조승우의 연기에 탄성을..,9,1,0,2008-01-01 22:59:00,0
480,sun0****,힘내자란 생각이..,10,1,0,2007-07-20 22:56:00,0
481,arch****,담백한 호흡으로 휴먼을 이야기하는 연출.군더더기없는 감독의 시선.+4,4,1,0,2007-05-27 07:26:00,0
482,aini****,한국에서 이런 영화가 나오다니..조승우도 대단한 연기에 박수를,7,1,0,2005-01-29 04:21:00,0
483,전혜지(agpw****),장애로 어려움을 겪고있는 사람들에게 희망의 메시지가 되어서 좋았다. 앞으로도 이러한 희망과 깨달음으로 즐거움을 맛보았으면 좋겠다.그리고 장애인을 멸시하고 괴롭히는 철부지 아이들에게 좋은 교훈이 되었으면 좋겠다.,10,2,1,2018-11-25 20:52:00,0
484,해이쿤(viu9****),다시봐도  가슴이 벌떡벌떡,10,2,1,2014-04-10 18:01:00,0
485,변경아(byun****),학교에서 봤는데 웃기기도 하고 슬프기도 했었는데 글구 초원이 역할 맡은 사람 배우 조승우인 줄 몰랐을 때 진짜 자폐증인 줄 알았음ㅋㅋ,10,2,1,2013-07-23 19:32:00,0
486,짱이(leej****),조승우 짱!!!!♥,10,2,1,2013-06-09 22:55:00,0
487,백원(bygg****),진짜 좋은 국산영화,10,2,1,2013-05-11 01:07:00,0
488,dana****,다른 말 필요없이 조승우 배우님은 정말 최고입니다...!!!,10,2,1,2013-05-06 00:58:00,0
489,say9****,어렸을 때 영화관에서 마라톤보고 울었는데 ㅠㅠ,10,2,1,2013-05-05 11:50:00,0
490,ㅇㅇ(saf1****),조승우 개귀여움 ㅋ 또보고싶다,10,2,1,2013-05-02 21:05:00,0
491,skfk****,전에 학교에서 본적이잇는데 정말 웃음도 주고 감동도줘서 매우 볼만한 영화! 추천@@@@@@@@@@@@,10,2,1,2012-07-05 17:32:00,0
492,응(sun9****),볼때마다 좋다 연출 연기 빠지는것 하나 없는 담백한 영화,10,0,0,2020-11-08 03:01:00,0
493,아티스트(knig****),조승우와 김미숙 배우님 연기가 너무 대단하세요,10,0,0,2020-11-05 18:54:00,0
494,아멜리(0817****),진짜 연기 미쳤다... 엄마도 그렇고 초원 와... 정말 리얼 실제 인물 데려다 놓은 줄. 이 영화가 감동적인 이유는 억지 눈물을 짜내는 것이 아닌 사실에 근거한 스토리로 감동을 주기 때문,10,0,0,2020-11-02 14:57:00,0
495,영서(dudd****),윽..ㅇㄱㅌ컹헉...슬퍼,10,0,0,2020-10-01 02:14:00,0
496,대박이(ice2****),15년전 보고 다시 보았네요 배우님들 연기 는 최고이고 특히 조승우님은 초원이 그자체입니다 지금 봐도 여전히 명작입니다 오랜만에 큰감동이네요,10,0,0,2020-09-27 20:43:00,0
497,서빈(hsb4****),"어릴때 티비로 해줘서 봤었는데 아직까지도 생생하게 기억에 남네요,,",10,0,0,2020-09-24 17:08:00,0
498,shi(shim****),너무 재밌어요 추천해요!! 눈물샘 폭발!! 조승우 짱!! 보시면 아실거에요,10,0,0,2020-09-19 22:26:00,0
499,아이엠(124k****),조승우...조승우....하..,10,0,0,2020-09-13 03:13:00,0
