terms,pos,type,count
!,Punctuation,네이버,23
!!,Punctuation,네이버,6
!!!,Punctuation,네이버,5
!!!!,Punctuation,네이버,1
!!!!~~~~,Punctuation,네이버,1
!~,Punctuation,네이버,1
"""",Punctuation,네이버,7
',Punctuation,네이버,23
"',",Punctuation,네이버,1
(,Punctuation,네이버,2
),Punctuation,네이버,1
+,Punctuation,네이버,4
",",Punctuation,네이버,49
",,",Punctuation,네이버,2
-,Punctuation,네이버,2
.,Punctuation,네이버,222
".""",Punctuation,네이버,2
.',Punctuation,네이버,3
.(,Punctuation,네이버,1
.),Punctuation,네이버,1
..,Punctuation,네이버,75
..!,Punctuation,네이버,1
..!!,Punctuation,네이버,1
"..""",Punctuation,네이버,1
..),Punctuation,네이버,1
...,Punctuation,네이버,59
...!!,Punctuation,네이버,1
...!+,Punctuation,네이버,1
....,Punctuation,네이버,16
"....,",Punctuation,네이버,1
..?,Punctuation,네이버,1
..^^,Punctuation,네이버,1
/.,Punctuation,네이버,1
1,Number,네이버,57
10,Number,네이버,7
10.20,Number,네이버,1
100,Number,네이버,1
100년,Number,네이버,1
10년,Number,네이버,15
10분,Number,네이버,1
11,Number,네이버,1
11년,Number,네이버,15
12,Number,네이버,1
12년,Number,네이버,1
2,Number,네이버,10
2.3,Number,네이버,1
20,Number,네이버,1
2008년,Number,네이버,9
2012년,Number,네이버,1
2019년,Number,네이버,2
20년,Number,네이버,1
26,Number,네이버,1
2년,Number,네이버,1
2시간,Number,네이버,1
3,Number,네이버,8
"3,000",Number,네이버,1
30,Number,네이버,1
3000,Number,네이버,7
300003819299293893029238737382920300만,Number,네이버,1
3000만,Number,네이버,21
30년,Number,네이버,1
30일,Number,네이버,1
4,Number,네이버,4
430만,Number,네이버,1
4월,Number,네이버,1
5,Number,네이버,1
6,Number,네이버,4
7.9,Number,네이버,1
79,Number,네이버,1
8,Number,네이버,2
94%,Number,네이버,1
:,Punctuation,네이버,4
;;,Punctuation,네이버,1
;;;;,Punctuation,네이버,1
=,Punctuation,네이버,2
?,Punctuation,네이버,10
???,Punctuation,네이버,2
A,Alpha,네이버,1
AM,Alpha,네이버,2
Am,Alpha,네이버,2
And,Alpha,네이버,2
CG,Alpha,네이버,1
D,Alpha,네이버,1
HAS,Alpha,네이버,1
HEART,Alpha,네이버,1
Hero,Alpha,네이버,1
I,Alpha,네이버,30
IMDB,Alpha,네이버,1
IRON,Alpha,네이버,3
Iron,Alpha,네이버,9
Ironman,Alpha,네이버,7
Island,Alpha,네이버,1
J,Alpha,네이버,1
Love,Alpha,네이버,1
MAN,Alpha,네이버,3
MCU,Alpha,네이버,15
Man,Alpha,네이버,7
Marvel,Alpha,네이버,1
OO,Alpha,네이버,2
On,Alpha,네이버,1
PROOF,Alpha,네이버,1
R,Alpha,네이버,1
Real,Alpha,네이버,1
STARK,Alpha,네이버,1
T,Alpha,네이버,4
THAT,Alpha,네이버,1
TONY,Alpha,네이버,1
The,Alpha,네이버,3
We,Alpha,네이버,1
[,Punctuation,네이버,1
],Punctuation,네이버,1
^,Punctuation,네이버,1
^^,Punctuation,네이버,2
am,Alpha,네이버,18
baby,Alpha,네이버,1
back,Alpha,네이버,1
beginning,Alpha,네이버,1
behalf,Alpha,네이버,1
black,Alpha,네이버,1
bye,Alpha,네이버,1
cgv,Alpha,네이버,1
fans,Alpha,네이버,1
good,Alpha,네이버,1
hero,Alpha,네이버,1
i,Alpha,네이버,5
in,Alpha,네이버,1
iron,Alpha,네이버,10
ironman,Alpha,네이버,4
is,Alpha,네이버,1
legend,Alpha,네이버,1
love,Alpha,네이버,4
luv,Alpha,네이버,1
m,Alpha,네이버,9
man,Alpha,네이버,12
mcu,Alpha,네이버,2
my,Alpha,네이버,1
next,Alpha,네이버,1
of,Alpha,네이버,3
please,Alpha,네이버,1
thank,Alpha,네이버,1
the,Alpha,네이버,2
time,Alpha,네이버,1
truth,Alpha,네이버,1
u,Alpha,네이버,2
xxx,Alpha,네이버,1
you,Alpha,네이버,5
~,Punctuation,네이버,8
~!!,Punctuation,네이버,2
~~,Punctuation,네이버,1
~~!!,Punctuation,네이버,1
’,Punctuation,네이버,1
“,Foreign,네이버,1
”,Foreign,네이버,1
♥,Foreign,네이버,1
ㄷㄷ,KoreanParticle,네이버,1
ㄷㄷㄷ,KoreanParticle,네이버,1
ㄹㄴㅍㅇ,KoreanParticle,네이버,1
ㄹㅇ,KoreanParticle,네이버,1
ㅁ,KoreanParticle,네이버,1
ㅇ,KoreanParticle,네이버,1
ㅇㅎ,KoreanParticle,네이버,1
ㅈㄴ,KoreanParticle,네이버,1
ㅋ,KoreanParticle,네이버,1
ㅋㅋ,KoreanParticle,네이버,7
ㅋㅋㅋ,KoreanParticle,네이버,4
ㅋㅋㅋㅋ,KoreanParticle,네이버,2
ㅎㅎ,KoreanParticle,네이버,3
ㅜ,KoreanParticle,네이버,3
ㅜㅜ,KoreanParticle,네이버,4
ㅠ,KoreanParticle,네이버,4
ㅠㅜ,KoreanParticle,네이버,1
ㅠㅠ,KoreanParticle,네이버,20
ㅠㅠㅠㅠ,KoreanParticle,네이버,1
가,Josa,네이버,79
가,Verb,네이버,4
가게,Noun,네이버,1
가능성,Noun,네이버,1
가디언즈,Noun,네이버,1
가미,Noun,네이버,1
가볍게,Adjective,네이버,1
가볍고,Adjective,네이버,1
가상,Noun,네이버,1
가서,Verb,네이버,1
가슴,Noun,네이버,4
가시게나,Verb,네이버,1
가아니라,Verb,네이버,1
가왜,Noun,네이버,1
가장,Noun,네이버,11
가져요,Verb,네이버,1
가치,Noun,네이버,1
간,Foreign,네이버,2
간,Noun,네이버,1
간다,Noun,네이버,1
간지,Noun,네이버,1
갈려고,Verb,네이버,1
갈아엎고,Verb,네이버,1
감,Noun,네이버,1
감독,Noun,네이버,7
감동,Noun,네이버,3
감사합니다,Verb,네이버,1
감사해야,Verb,네이버,1
감사했습니다,Verb,네이버,1
감상,Noun,네이버,7
감회,Noun,네이버,1
갑,Noun,네이버,1
갑옷,Noun,네이버,1
갓,Modifier,네이버,1
갔던,Verb,네이버,1
갔을,Verb,네이버,1
강철,Noun,네이버,1
강타,Noun,네이버,1
강한,Adjective,네이버,1
갖고,Verb,네이버,1
갖춘,Verb,네이버,2
같,Adjective,네이버,2
같네요,Adjective,네이버,1
같다,Adjective,네이버,3
같다고,Adjective,네이버,1
같아,Adjective,네이버,1
같아서,Adjective,네이버,1
같았으나,Adjective,네이버,1
같이,Adverb,네이버,1
같지,Adjective,네이버,1
개,Noun,네이버,5
개,Suffix,네이버,2
개국,Noun,네이버,2
개꿀잼,Noun,네이버,1
개는,Verb,네이버,1
개도,Noun,네이버,1
개막,Noun,네이버,2
개발,Noun,네이버,1
개봉,Noun,네이버,8
개성,Noun,네이버,4
개인,Noun,네이버,4
개쩌,Noun,네이버,1
갠,Noun,네이버,1
갤럭시,Noun,네이버,1
걍,Adverb,네이버,1
거,Noun,네이버,14
거기,Noun,네이버,2
거대한,Adjective,네이버,3
거대해질,Adjective,네이버,1
거듭,Noun,네이버,1
거만하고,Adjective,네이버,2
거의,Noun,네이버,1
거치면서,Verb,네이버,1
거품,Noun,네이버,1
건,Noun,네이버,3
건가,Noun,네이버,2
걸,Noun,네이버,9
걸어왔지만,Verb,네이버,1
걸음,Noun,네이버,1
걸작,Noun,네이버,1
겁니다,Verb,네이버,3
것,Noun,네이버,21
게,Josa,네이버,11
게,Noun,네이버,6
게임,Noun,네이버,4
겨지지,Verb,네이버,1
결국,Adverb,네이버,1
결정,Noun,네이버,1
겸손한,Adjective,네이버,1
경험,Noun,네이버,1
곁,Noun,네이버,1
계,Suffix,네이버,1
계기,Noun,네이버,1
계속,Noun,네이버,3
고,Josa,네이버,10
고,Noun,네이버,1
고등학교,Noun,네이버,2
고등학생,Noun,네이버,1
고마워,Adjective,네이버,1
고마워요,Adjective,네이버,1
고마웠습니다,Adjective,네이버,1
고마웠어,Adjective,네이버,1
고마웠어요,Adjective,네이버,6
고생,Noun,네이버,1
고인,Noun,네이버,1
곧,Noun,네이버,2
곱씹어,Verb,네이버,1
곳곳,Noun,네이버,1
공감,Noun,네이버,1
공대,Noun,네이버,1
공부,Noun,네이버,1
공식,Noun,네이버,1
공신,Noun,네이버,3
과,Josa,네이버,20
과,Noun,네이버,4
과거,Noun,네이버,1
과는,Josa,네이버,2
과언,Noun,네이버,1
과정,Noun,네이버,1
과학,Noun,네이버,1
관객,Noun,네이버,1
관람,Noun,네이버,3
관심,Noun,네이버,1
관통,Noun,네이버,1
광대한,Adjective,네이버,1
괜찮은,Adjective,네이버,2
괴짜,Noun,네이버,1
굉장한,Adjective,네이버,1
굉장히,Adjective,네이버,1
교육,Noun,네이버,1
교환,Noun,네이버,1
구,Noun,네이버,3
구나,Noun,네이버,1
구라,Noun,네이버,1
구축,Noun,네이버,1
구한,Noun,네이버,1
국가,Noun,네이버,1
군,Suffix,네이버,1
군대,Noun,네이버,2
군더더기,Noun,네이버,1
군자,Noun,네이버,2
굿바이,Noun,네이버,1
궁금,Noun,네이버,1
궁금증,Noun,네이버,1
궁금한게,Adjective,네이버,1
궁금해서,Adjective,네이버,1
그,Determiner,네이버,2
그,Noun,네이버,26
그냥,Noun,네이버,8
그동안,Noun,네이버,7
그때,Noun,네이버,4
그떄,Noun,네이버,1
그래서,Adverb,네이버,1
그래픽,Noun,네이버,2
그러겠지,Adjective,네이버,1
그렇게,Adverb,네이버,1
그려,Verb,네이버,1
그리고,Conjunction,네이버,3
그리고이거,Verb,네이버,1
그리운,Adjective,네이버,1
그리울꺼야,Verb,네이버,1
그리워서,Adjective,네이버,2
그리워져서,Adjective,네이버,1
그림,Noun,네이버,2
그만큼,Adverb,네이버,1
그었다,Noun,네이버,1
그저,Adverb,네이버,2
그쳐서,Verb,네이버,1
그치만,Verb,네이버,1
극,Modifier,네이버,1
극장,Noun,네이버,4
근데,Adverb,네이버,1
금보,Noun,네이버,1
금새,Modifier,네이버,1
급,Noun,네이버,1
급,Suffix,네이버,1
급기야,Adverb,네이버,1
긋,Verb,네이버,1
긋기는,Verb,네이버,1
긋는,Verb,네이버,1
기,Modifier,네이버,1
기,Noun,네이버,1
기나긴,Verb,네이버,2
기네스,Noun,네이버,1
기대합니다,Adjective,네이버,1
기둥,Noun,네이버,2
기를,Verb,네이버,1
기만,Noun,네이버,1
기반,Noun,네이버,1
기분,Noun,네이버,1
기억,Noun,네이버,6
기자회견,Noun,네이버,1
기적,Noun,네이버,1
기존,Noun,네이버,3
기질,Noun,네이버,1
기초,Noun,네이버,1
긴장감,Noun,네이버,1
길은,Adjective,네이버,1
깊게,Adjective,네이버,1
깊었음,Adjective,네이버,1
까,Verb,네이버,1
까지,Josa,네이버,16
까지의,Josa,네이버,2
까진,Josa,네이버,1
까칠했나보다,Adjective,네이버,1
깐,Verb,네이버,1
깔끔하게,Adjective,네이버,1
깔끔하다,Adjective,네이버,1
깔끔한,Adjective,네이버,1
깡통,Noun,네이버,1
깨닫고,Verb,네이버,1
깬,Verb,네이버,1
껏,Noun,네이버,1
꼭,Noun,네이버,2
꽃,Noun,네이버,1
꽤,Noun,네이버,1
꿀,Noun,네이버,1
꿀잼,Noun,네이버,3
꿈,Noun,네이버,1
끊겨,Verb,네이버,1
끌어,Verb,네이버,1
끌어서,Verb,네이버,1
끝,Noun,네이버,20
끝나는,Verb,네이버,1
끝나지,Verb,네이버,1
끝난면도,Verb,네이버,1
끝났다,Verb,네이버,1
끝났어,Verb,네이버,1
끝낸,Verb,네이버,1
나,Josa,네이버,4
나,Noun,네이버,16
나네요,Verb,네이버,1
나도,Verb,네이버,1
나라,Noun,네이버,1
나를,Verb,네이버,1
나무,Noun,네이버,1
나서,Verb,네이버,1
나오게,Verb,네이버,1
나오겠지만,Verb,네이버,1
나오네요,Verb,네이버,1
나오는,Verb,네이버,2
나오더라,Verb,네이버,1
나온,Verb,네이버,2
나온다,Verb,네이버,2
나온지,Verb,네이버,1
나올,Verb,네이버,2
나옴,Verb,네이버,1
나와서,Verb,네이버,1
나왔다,Verb,네이버,1
나왔다니,Verb,네이버,1
나왔을,Verb,네이버,1
나우,Noun,네이버,1
나위,Noun,네이버,1
나중,Noun,네이버,1
난,Josa,네이버,1
난,Noun,네이버,6
날,Noun,네이버,1
남,Noun,네이버,1
남기는,Verb,네이버,1
남는,Verb,네이버,2
남는다,Verb,네이버,1
남아나질,Verb,네이버,1
남자,Noun,네이버,7
남편,Noun,네이버,1
낫다,Noun,네이버,1
났다,Verb,네이버,1
났습니다,Verb,네이버,1
낭비하지,Adjective,네이버,3
낮게,Adjective,네이버,2
내,Determiner,네이버,4
내,Noun,네이버,18
내게,Verb,네이버,1
내내,Noun,네이버,1
낸,Verb,네이버,2
냈기에,Verb,네이버,1
냈다,Verb,네이버,1
냈다면,Verb,네이버,1
너,Modifier,네이버,2
너,Noun,네이버,2
너무,Adverb,네이버,15
너무나,Adverb,네이버,2
널,Noun,네이버,1
넘,Verb,네이버,2
넘는것,Verb,네이버,1
넘어서,Verb,네이버,1
넘어선,Verb,네이버,1
넘지,Verb,네이버,1
넣어,Verb,네이버,1
네,Josa,네이버,5
네,Noun,네이버,1
네,Suffix,네이버,1
넥탐,Noun,네이버,1
년,Noun,네이버,1
노소,Noun,네이버,1
노스,Noun,네이버,1
노예,Noun,네이버,1
논,Noun,네이버,1
놀란,Noun,네이버,1
놀랐었는데,Verb,네이버,1
놀이,Suffix,네이버,1
놈,Noun,네이버,2
놈는,Verb,네이버,1
농담,Noun,네이버,1
높고,Adjective,네이버,1
높았음,Adjective,네이버,1
높은,Adjective,네이버,1
놓치지,Verb,네이버,1
누가,Noun,네이버,2
누구,Noun,네이버,1
눈,Noun,네이버,5
눈감을,Verb,네이버,1
눈물,Noun,네이버,4
눈물난다,Verb,네이버,1
눈물날것,Verb,네이버,1
눈빛,Noun,네이버,1
느껴짐,Verb,네이버,1
느끼,Verb,네이버,1
느끼게,Verb,네이버,1
느낀,Verb,네이버,1
느낀건,Verb,네이버,1
느리다고,Adjective,네이버,1
는,Josa,네이버,38
는,Verb,네이버,5
늙는다는게,Verb,네이버,1
능력,Noun,네이버,1
니,Josa,네이버,3
니까,Josa,네이버,3
닌지,Noun,네이버,1
님,Suffix,네이버,1
닝,Noun,네이버,1
다,Adverb,네이버,16
다,Josa,네이버,12
다가왔으니,Verb,네이버,1
다듬어서,Verb,네이버,1
다르다,Adjective,네이버,1
다른,Modifier,네이버,1
다른,Noun,네이버,1
다른거,Adjective,네이버,1
다를,Adjective,네이버,1
다물지,Verb,네이버,1
다분하지만,Adjective,네이버,1
다섯,Determiner,네이버,1
다섯,Modifier,네이버,1
다소,Noun,네이버,1
다시,Noun,네이버,42
다우,Noun,네이버,1
다우니,Noun,네이버,4
다음,Noun,네이버,4
다음가는,Verb,네이버,1
다진,Verb,네이버,1
다질,Verb,네이버,1
다혈질,Noun,네이버,1
닥터스,Noun,네이버,1
단,Noun,네이버,2
단단하고,Adjective,네이버,1
단독,Noun,네이버,3
단순히,Adjective,네이버,1
단언컨대,Noun,네이버,1
단연,Noun,네이버,2
달리,Noun,네이버,1
담겨있다,Verb,네이버,1
담고있기에,Verb,네이버,1
담담하지,Adjective,네이버,1
담담했지만,Adjective,네이버,1
답답하지,Adjective,네이버,1
당,Modifier,네이버,3
당시,Noun,네이버,8
당신,Noun,네이버,10
닼,Noun,네이버,1
대,Modifier,네이버,1
대,Suffix,네이버,2
대,Verb,네이버,1
대단하다,Adjective,네이버,1
대단하다는,Adjective,네이버,1
대박,Noun,네이버,2
대사,Noun,네이버,11
대안,Noun,네이버,1
대의,Noun,네이버,2
대작,Noun,네이버,2
대학생,Noun,네이버,1
대해,Noun,네이버,1
댓글,Noun,네이버,2
더,Noun,네이버,8
더불어,Verb,네이버,3
더욱,Noun,네이버,1
더욱더,Noun,네이버,1
덕,Noun,네이버,3
덕분,Noun,네이버,5
도,Foreign,네이버,1
도,Josa,네이버,28
도,Noun,네이버,1
도나,Noun,네이버,1
도데,Noun,네이버,1
도도,Noun,네이버,1
도에,Foreign,네이버,1
독보,Noun,네이버,1
돈,Noun,네이버,3
돋보이는,Verb,네이버,1
돋을,Verb,네이버,1
돌려,Verb,네이버,1
돌아가는거,Verb,네이버,1
돌아옴,Verb,네이버,1
돌아와요,Verb,네이버,1
동굴,Noun,네이버,1
동안,Foreign,네이버,2
동안,Noun,네이버,4
돼,Verb,네이버,1
됐구나,Verb,네이버,1
되,Verb,네이버,1
되고,Verb,네이버,2
되네요,Verb,네이버,1
되는,Verb,네이버,3
되어,Verb,네이버,2
되어야만,Verb,네이버,1
되었네요,Verb,네이버,1
되었다,Verb,네이버,2
되지,Verb,네이버,1
된,Foreign,네이버,2
된,Verb,네이버,14
된다,Verb,네이버,1
된다는,Verb,네이버,1
될,Verb,네이버,5
될거에요,Verb,네이버,1
될줄은,Verb,네이버,2
될지,Verb,네이버,1
됨,Verb,네이버,1
됩니다,Verb,네이버,1
됫,Noun,네이버,1
됬다,Verb,네이버,1
두근거림은,Adjective,네이버,1
두시,Noun,네이버,1
뒤,Noun,네이버,2
뒤면,Foreign,네이버,1
뒤에하고,Foreign,네이버,1
뒤집어,Verb,네이버,1
든,Josa,네이버,2
듣고,Verb,네이버,1
듣기,Noun,네이버,1
들,Suffix,네이버,20
들,Verb,네이버,1
들여다본,Verb,네이버,1
듦,Verb,네이버,1
듯,Noun,네이버,2
등,Noun,네이버,1
등장,Noun,네이버,2
디씨,Noun,네이버,2
디테,Noun,네이버,1
따뜻한,Adjective,네이버,3
따라,Verb,네이버,1
따라가다가,Verb,네이버,1
따름,Noun,네이버,2
따위,Noun,네이버,1
딱,Adverb,네이버,1
딸리긴,Verb,네이버,1
때,Noun,네이버,28
때려,Verb,네이버,1
때문,Noun,네이버,5
땐,Noun,네이버,3
떄,Noun,네이버,1
떠나는건,Verb,네이버,1
떠나서,Verb,네이버,1
떠벌이,Verb,네이버,1
떠오르네요,Verb,네이버,2
떡밥,Noun,네이버,1
또,Noun,네이버,2
또한,Noun,네이버,1
똑똑하다,Adjective,네이버,1
똥찬,Noun,네이버,1
뚫고,Verb,네이버,1
뛰고,Verb,네이버,1
뛰어넘을수,Verb,네이버,1
라,Josa,네이버,3
라고,Josa,네이버,1
라는,Josa,네이버,3
라니,Josa,네이버,2
라서,Josa,네이버,1
랜드,Noun,네이버,1
랩,Noun,네이버,1
런티,Noun,네이버,1
레전드,Noun,네이버,9
렌스,Noun,네이버,1
로,Josa,네이버,21
로,Noun,네이버,1
로다주,Noun,네이버,28
로다쥬,Noun,네이버,1
로디,Noun,네이버,1
로망,Noun,네이버,6
로버트,Noun,네이버,6
로봇,Noun,네이버,3
로써,Noun,네이버,1
로튼,Noun,네이버,1
론,Noun,네이버,1
롤홀호롤호,Noun,네이버,1
류,Noun,네이버,1
를,Josa,네이버,42
를,Noun,네이버,4
리,Noun,네이버,1
리부트,Noun,네이버,1
리브,Noun,네이버,1
리즈,Noun,네이버,1
리지,Noun,네이버,1
마냥,Noun,네이버,2
마다,Josa,네이버,1
마디,Noun,네이버,1
마련,Noun,네이버,1
마무리,Noun,네이버,1
마블,Noun,네이버,94
마블코믹스,Noun,네이버,1
마세요,Verb,네이버,2
마음,Noun,네이버,3
마지막,Noun,네이버,13
마침표,Noun,네이버,1
마크,Noun,네이버,3
막연하게,Adjective,네이버,1
만,Josa,네이버,7
만,Noun,네이버,6
만,Suffix,네이버,1
만드,Noun,네이버,1
만드는,Verb,네이버,1
만든,Verb,네이버,11
만든듯,Verb,네이버,1
만들,Verb,네이버,1
만들어,Verb,네이버,4
만들어질,Verb,네이버,1
만들었고,Verb,네이버,3
만들었냐,Verb,네이버,1
만들었다고,Verb,네이버,1
만들지,Verb,네이버,1
만세,Noun,네이버,1
만에,Foreign,네이버,1
만점,Noun,네이버,1
만큼,Noun,네이버,1
많고,Adjective,네이버,2
많네,Adjective,네이버,1
많아서,Adjective,네이버,1
많으셨습니다,Adjective,네이버,1
많은,Adjective,네이버,1
많은데,Adjective,네이버,1
많을,Adjective,네이버,1
많이,Adverb,네이버,3
말,Noun,네이버,14
말로,Noun,네이버,1
말아요,Verb,네이버,1
맘,Noun,네이버,1
맛,Noun,네이버,1
망한,Adjective,네이버,1
망했으면,Adjective,네이버,1
맞,Verb,네이버,1
맞겠다,Verb,네이버,1
맞나,Verb,네이버,1
맞냐,Verb,네이버,1
맞다,Verb,네이버,1
맞아,Verb,네이버,1
매력,Noun,네이버,6
매우,Noun,네이버,2
맨,Noun,네이버,7
맨날,Adverb,네이버,3
맹,Noun,네이버,1
맺은,Verb,네이버,1
머리,Noun,네이버,1
먹여,Verb,네이버,1
먼,Adjective,네이버,1
먼저,Noun,네이버,1
멋,Noun,네이버,1
멋있고,Adjective,네이버,2
멋있다,Adjective,네이버,2
멋있다는,Adjective,네이버,1
멋있더라,Adjective,네이버,1
멋있으시네요,Adjective,네이버,1
멋있음,Adjective,네이버,1
멍청하지도,Adjective,네이버,1
멍청했음,Adjective,네이버,1
메이저,Noun,네이버,1
메타,Noun,네이버,1
며,Josa,네이버,2
면,Josa,네이버,4
면,Noun,네이버,2
명복,Noun,네이버,1
명불허전,Noun,네이버,1
명작,Noun,네이버,9
몇,Modifier,네이버,1
몇,Noun,네이버,3
몇번,Noun,네이버,4
모건,Noun,네이버,1
모두,Noun,네이버,1
모든,Modifier,네이버,4
모든,Noun,네이버,11
모르겠네,Verb,네이버,1
모르고,Verb,네이버,1
모르는,Verb,네이버,3
모르는거다,Verb,네이버,1
모르던데,Verb,네이버,1
모른,Verb,네이버,1
모를,Verb,네이버,1
모습,Noun,네이버,2
목숨,Noun,네이버,2
몰랐네,Verb,네이버,1
몰랐네요,Verb,네이버,1
몰랐다,Verb,네이버,3
몰랐을거야,Verb,네이버,1
몰랐을까,Verb,네이버,1
몰랐지,Verb,네이버,1
몰랐지만,Verb,네이버,1
몰래,Noun,네이버,1
몰아,Verb,네이버,1
몰입,Noun,네이버,1
몰입도,Noun,네이버,1
몸값,Noun,네이버,1
못,Noun,네이버,5
못,VerbPrefix,네이버,13
무,Noun,네이버,1
무게,Noun,네이버,1
무기,Noun,네이버,1
무렵,Noun,네이버,1
무비,Noun,네이버,2
무엇,Noun,네이버,1
무조건,Noun,네이버,3
문도,Noun,네이버,1
물,Noun,네이버,15
물계의,Verb,네이버,1
물려,Verb,네이버,1
물려서,Verb,네이버,1
물론,Adverb,네이버,1
물의,Noun,네이버,1
물이,Noun,네이버,1
뭉클하네,Adjective,네이버,1
뭉클한지,Adjective,네이버,1
뭐합,Noun,네이버,1
미,Adjective,네이버,1
미녀,Noun,네이버,1
미워할수,Adjective,네이버,2
미쳤네,Adjective,네이버,1
미친,Adjective,네이버,2
믿,Verb,네이버,1
믿기지,Verb,네이버,1
믿기지가,Verb,네이버,1
밀러,Noun,네이버,1
밋다,Noun,네이버,1
밑,Noun,네이버,1
바꾼,Verb,네이버,1
바꿔놓은,Verb,네이버,1
바랬다,Noun,네이버,1
바로,Noun,네이버,3
바빴는데,Adjective,네이버,1
박살,Noun,네이버,1
박수,Noun,네이버,1
밖,Noun,네이버,1
밖에,Josa,네이버,5
반신반의,Noun,네이버,1
반역,Noun,네이버,1
받는,Verb,네이버,1
받은,Verb,네이버,1
받을,Verb,네이버,1
발,Noun,네이버,1
발전,Noun,네이버,1
발판,Noun,네이버,1
밤새서라도,Verb,네이버,1
밥상,Noun,네이버,1
방금,Noun,네이버,2
배,Noun,네이버,2
배경,Noun,네이버,1
배우,Noun,네이버,5
배트맨,Noun,네이버,3
버,Noun,네이버,1
버렸네요,Verb,네이버,1
버렸습니다,Verb,네이버,1
버린,Verb,네이버,2
번,Noun,네이버,5
번은,Noun,네이버,2
번째,Suffix,네이버,2
벌써,Noun,네이버,4
법,Noun,네이버,1
벙쪄,Noun,네이버,1
베스,Noun,네이버,1
베스트,Noun,네이버,1
벨리아,Noun,네이버,1
벽,Noun,네이버,1
변,Noun,네이버,1
별,Modifier,네이버,1
별,Noun,네이버,3
별로,Noun,네이버,1
보,Noun,네이버,3
보게,Verb,네이버,2
보겠다,Verb,네이버,1
보고,Noun,네이버,29
보고나서,Verb,네이버,1
보고싶다,Verb,네이버,1
보고싶어요,Verb,네이버,1
보고싶음,Verb,네이버,1
보기,Noun,네이버,6
보내기,Verb,네이버,1
보내기엔,Verb,네이버,1
보내주려,Verb,네이버,1
보네요,Verb,네이버,1
보는,Verb,네이버,2
보는데,Verb,네이버,1
보는데도,Verb,네이버,2
보니,Verb,네이버,9
보다,Josa,네이버,1
보다,Verb,네이버,1
보다가,Verb,네이버,1
보다도,Josa,네이버,1
보러,Verb,네이버,5
보려고,Verb,네이버,1
보면,Verb,네이버,6
보면서,Verb,네이버,2
보세요,Verb,네이버,1
보셈,Verb,네이버,1
보소,Verb,네이버,1
보여준,Verb,네이버,1
보여줬다,Verb,네이버,2
보이,Noun,네이버,1
보임,Noun,네이버,1
보자마자,Verb,네이버,1
보잖아,Verb,네이버,1
보장,Noun,네이버,1
보지,Noun,네이버,1
보통,Noun,네이버,1
복귀,Noun,네이버,1
본,Modifier,네이버,5
본,Verb,네이버,12
본다,Verb,네이버,1
본듯,Verb,네이버,1
본지가,Verb,네이버,1
볼,Noun,네이버,5
볼,Verb,네이버,1
볼거리,Noun,네이버,1
볼거에요,Verb,네이버,1
볼까,Verb,네이버,2
볼때,Noun,네이버,2
볼땐,Noun,네이버,3
볼랬더,Noun,네이버,1
볼수록,Verb,네이버,1
볼트,Noun,네이버,1
봄,Noun,네이버,3
봉하,Noun,네이버,1
봐,Verb,네이버,2
봐도,Verb,네이버,20
봐서,Verb,네이버,2
봐야,Verb,네이버,5
봐야겠네요,Verb,네이버,1
봐야지,Verb,네이버,1
봐야지만,Verb,네이버,1
봐야한데,Verb,네이버,1
봐요,Verb,네이버,1
봤나,Verb,네이버,1
봤는데,Verb,네이버,13
봤는데도,Verb,네이버,1
봤는지,Verb,네이버,1
봤다,Verb,네이버,7
봤다가,Verb,네이버,1
봤던,Verb,네이버,2
봤습니다,Verb,네이버,1
봤어야,Verb,네이버,1
봤었고,Verb,네이버,1
봤었는데,Verb,네이버,1
봤었던,Verb,네이버,1
봤을,Verb,네이버,4
봤을까,Verb,네이버,1
봤음,Verb,네이버,1
봤지만,Verb,네이버,3
부드러운,Adjective,네이버,1
부럽지,Adjective,네이버,1
부모님,Noun,네이버,1
부분,Noun,네이버,1
부터,Foreign,네이버,1
부터,Josa,네이버,13
부터,Noun,네이버,9
분,Noun,네이버,3
분명하다,Adjective,네이버,1
불가능한,Adjective,네이버,1
불구,Noun,네이버,1
불량,Noun,네이버,1
불리우는,Verb,네이버,1
불문,Noun,네이버,1
불쾌할,Adjective,네이버,1
브리,Noun,네이버,1
블록버스터,Noun,네이버,1
비기닝,Noun,네이버,1
비긴즈,Noun,네이버,1
비서,Noun,네이버,2
비슷하다,Adjective,네이버,1
비행,Noun,네이버,1
빌런,Noun,네이버,1
빕니다,Verb,네이버,1
빠돌이,Noun,네이버,1
빠르다,Adjective,네이버,1
빠졌다는게,Verb,네이버,1
빠지게,Verb,네이버,2
빠진,Verb,네이버,1
빠질,Verb,네이버,1
빼고,Verb,네이버,1
뻔했다,Adjective,네이버,1
뽑으라고,Verb,네이버,1
뽕,Noun,네이버,1
뿐,Noun,네이버,5
뿐,Suffix,네이버,1
사,Modifier,네이버,1
사,Noun,네이버,1
사가,Noun,네이버,2
사가는,Verb,네이버,1
사내,Noun,네이버,1
사람,Noun,네이버,11
사랑,Noun,네이버,30
사주세요,Verb,네이버,1
사치,Noun,네이버,2
살,Noun,네이버,2
살때,Noun,네이버,1
살리는,Verb,네이버,1
살이었기,Verb,네이버,1
살이었더라도,Verb,네이버,1
삶,Noun,네이버,1
삼가,Verb,네이버,1
상관,Noun,네이버,1
상당히,Adjective,네이버,1
상상,Noun,네이버,2
상징,Noun,네이버,1
상태,Noun,네이버,3
새기고,Verb,네이버,1
새로,Adjective,네이버,1
새로운,Adjective,네이버,4
새록새록,Noun,네이버,1
새롭다,Adjective,네이버,1
새삼,Noun,네이버,2
생각,Noun,네이버,4
생각나서,Verb,네이버,1
생각났던,Verb,네이버,1
생겨서,Verb,네이버,1
생명,Noun,네이버,2
생생하다,Adjective,네이버,1
생생한데,Adjective,네이버,2
서,Josa,네이버,6
서,Modifier,네이버,2
서,Verb,네이버,2
서른,Noun,네이버,1
서막,Noun,네이버,1
서사,Noun,네이버,2
서사시,Noun,네이버,2
서야,Verb,네이버,2
선,Noun,네이버,1
선량한,Adjective,네이버,2
선봉,Noun,네이버,1
성,Suffix,네이버,2
성격,Noun,네이버,3
성공,Noun,네이버,2
성인,Noun,네이버,3
성장,Noun,네이버,2
성지,Noun,네이버,1
성지순례,Noun,네이버,1
세,Modifier,네이버,1
세,Noun,네이버,1
세계,Noun,네이버,3
세계관,Noun,네이버,3
세상,Noun,네이버,5
섹시한,Adjective,네이버,1
센,Verb,네이버,1
센의,Verb,네이버,2
셜록홈즈,Noun,네이버,1
셤,Noun,네이버,1
소감,Noun,네이버,1
소름,Noun,네이버,3
소심한,Adjective,네이버,1
소장,Noun,네이버,1
속,Noun,네이버,1
손잡고,Verb,네이버,3
손잡고가서,Verb,네이버,1
솔,Noun,네이버,1
솔져,Noun,네이버,3
솔직,Noun,네이버,1
솔직히,Adjective,네이버,1
쇳덩어,Noun,네이버,1
수,Noun,네이버,14
수고,Noun,네이버,6
수긍,Noun,네이버,1
수도,Noun,네이버,2
수미,Noun,네이버,1
수십,Modifier,네이버,1
수작,Noun,네이버,4
수트,Noun,네이버,3
순간,Noun,네이버,1
순위,Noun,네이버,1
순전히,Adjective,네이버,1
숟가락,Noun,네이버,1
숨겨,Verb,네이버,1
숨기기,Verb,네이버,1
쉬,Noun,네이버,1
쉬여요,Verb,네이버,1
쉽게,Verb,네이버,1
슈트,Noun,네이버,3
슈퍼,Noun,네이버,1
슈퍼맨,Noun,네이버,2
슈퍼카,Noun,네이버,1
슈퍼히어로,Noun,네이버,5
스,Noun,네이버,3
스러운,Josa,네이버,1
스럽지,Josa,네이버,2
스마트,Noun,네이버,1
스박,Noun,네이버,1
스케일,Noun,네이버,2
스코어,Noun,네이버,1
스크린,Noun,네이버,1
스타,Noun,네이버,1
스타크,Noun,네이버,15
스타트,Noun,네이버,1
스토리,Noun,네이버,6
스튜디오,Noun,네이버,1
스파이더맨,Noun,네이버,5
스포일러,Noun,네이버,3
스포츠카,Noun,네이버,1
슨,Noun,네이버,1
슬퍼,Adjective,네이버,1
슬프게도,Adjective,네이버,1
슬프다,Adjective,네이버,1
슬플,Adjective,네이버,1
승리,Noun,네이버,1
시,Modifier,네이버,2
시,Noun,네이버,1
시간,Noun,네이버,3
시너지,Noun,네이버,1
시네마,Noun,네이버,12
시대,Noun,네이버,3
시리즈,Noun,네이버,17
시민,Noun,네이버,1
시빌,Noun,네이버,2
시원한,Adjective,네이버,1
시작,Noun,네이버,112
시절,Noun,네이버,1
시즌,Noun,네이버,1
시초,Noun,네이버,1
시켜,Verb,네이버,1
시켜주기에,Verb,네이버,1
시켰다,Verb,네이버,1
시키는,Verb,네이버,1
시킨,Verb,네이버,1
신,Modifier,네이버,2
신,Noun,네이버,2
신기하네여,Adjective,네이버,1
신기할,Adjective,네이버,1
신기했음,Adjective,네이버,1
신선하고,Adjective,네이버,2
신선한,Adjective,네이버,1
신선했고,Adjective,네이버,1
신파,Noun,네이버,1
실감,Noun,네이버,1
실망,Noun,네이버,1
싫네요,Adjective,네이버,1
심야,Noun,네이버,1
심장,Noun,네이버,3
십,Modifier,네이버,2
싱크,Noun,네이버,1
싶다,Verb,네이버,1
싶어요,Verb,네이버,2
싶어하는,Verb,네이버,1
싶은,Verb,네이버,1
싶지,Verb,네이버,1
싸우는,Verb,네이버,1
싸우는걸,Verb,네이버,1
싸움,Noun,네이버,1
싹,Noun,네이버,1
써도,Verb,네이버,1
쏘는,Verb,네이버,1
쏟아주었다,Verb,네이버,1
쓰고,Verb,네이버,1
씨,Noun,네이버,1
씬,Noun,네이버,1
아,Exclamation,네이버,11
아,Josa,네이버,4
아까,Adjective,네이버,1
아는,Verb,네이버,1
아니라,Adjective,네이버,3
아니어서,Adjective,네이버,1
아니었다면,Adjective,네이버,2
아니잖아요,Adjective,네이버,1
아닌,Adjective,네이버,6
아닐,Adjective,네이버,1
아들,Noun,네이버,1
아랍,Noun,네이버,1
아무,Modifier,네이버,1
아무,Noun,네이버,4
아바타,Noun,네이버,1
아버지,Noun,네이버,1
아빠,Noun,네이버,1
아쉽다,Adjective,네이버,2
아시,Noun,네이버,1
아엠,Noun,네이버,1
아연,Noun,네이버,2
아이,Noun,네이버,6
아이언,Noun,네이버,3
아이언맨,Noun,네이버,194
아이엠,Noun,네이버,5
아이콘,Noun,네이버,1
아주,Noun,네이버,2
아직,Adverb,네이버,4
아직도,Adverb,네이버,5
아프구만,Adjective,네이버,1
아프다,Adjective,네이버,2
악당,Noun,네이버,2
안,Noun,네이버,8
안,VerbPrefix,네이버,9
안겨줄,Verb,네이버,1
안나,Noun,네이버,1
안녕,Noun,네이버,3
안다,Verb,네이버,1
안되잖아요,Adjective,네이버,1
안보,Noun,네이버,2
안봣,Noun,네이버,1
안치,Noun,네이버,1
안타,Noun,네이버,1
않겠습니다,Verb,네이버,1
않고,Verb,네이버,5
않는,Verb,네이버,1
않는다,Verb,네이버,2
않다,Verb,네이버,5
않았나,Verb,네이버,1
않았으면,Verb,네이버,1
않았을것,Verb,네이버,1
않으면서도,Verb,네이버,1
않을,Verb,네이버,1
않을거야,Verb,네이버,1
않을게요,Verb,네이버,1
않을까,Verb,네이버,1
않음,Verb,네이버,2
알,Noun,네이버,4
알다가도,Verb,네이버,1
알던,Verb,네이버,1
알려,Verb,네이버,1
알려주는,Verb,네이버,1
알렸던,Verb,네이버,1
알리,Noun,네이버,2
알리는,Verb,네이버,1
알린,Verb,네이버,1
알아보려고,Verb,네이버,1
알았는데,Verb,네이버,1
알았다,Verb,네이버,1
알았을까,Verb,네이버,1
알파이,Noun,네이버,1
앓이,Noun,네이버,1
암시,Noun,네이버,1
압승,Noun,네이버,1
앞,Noun,네이버,1
애,Noun,네이버,2
애드립,Noun,네이버,1
액션,Noun,네이버,6
액션영화,Noun,네이버,1
앤드,Noun,네이버,4
앰,Noun,네이버,1
야,Josa,네이버,2
야한,Adjective,네이버,1
야한다는,Adjective,네이버,1
야함,Adjective,네이버,3
약간,Noun,네이버,1
얘기,Noun,네이버,1
어,Eomi,네이버,1
어,Suffix,네이버,2
어느,Adverb,네이버,1
어느새,Adjective,네이버,1
어둠,Noun,네이버,1
어떤,Adjective,네이버,2
어떻게,Adjective,네이버,1
어려울,Verb,네이버,1
어렵지,Adjective,네이버,1
어렷을때,Noun,네이버,1
어렸어도,Verb,네이버,1
어린이,Noun,네이버,1
어릴,Verb,네이버,2
어밴져스,Noun,네이버,1
어벤저스,Noun,네이버,2
어벤져,Noun,네이버,1
어벤져스,Noun,네이버,23
어색함,Adjective,네이버,1
어언,Adverb,네이버,1
어울리기에,Verb,네이버,1
어제,Noun,네이버,1
어쩜이리,Noun,네이버,1
어흑흨,Noun,네이버,1
언,Modifier,네이버,1
언제나,Adverb,네이버,2
언젠가,Adverb,네이버,1
얹음,Verb,네이버,1
엄마,Noun,네이버,1
엄청,Adverb,네이버,1
엄청난,Adjective,네이버,2
없거나,Adjective,네이버,1
없게,Adjective,네이버,1
없고,Adjective,네이버,4
없고를,Adjective,네이버,1
없네,Adjective,네이버,1
없는,Adjective,네이버,7
없는걸,Adjective,네이버,1
없다,Adjective,네이버,4
없다는게,Adjective,네이버,1
없다니,Adjective,네이버,1
없어선,Adjective,네이버,1
없어요,Adjective,네이버,1
없엇다,Adjective,네이버,2
없었는데,Adjective,네이버,1
없었다,Adjective,네이버,5
없었다면,Adjective,네이버,1
없었으면,Adjective,네이버,1
없었을거고,Adjective,네이버,1
없으며,Adjective,네이버,1
없을,Adjective,네이버,1
없을듯,Adjective,네이버,1
없음,Adjective,네이버,3
없이,Adverb,네이버,1
없인,Adjective,네이버,1
엎,Noun,네이버,1
에,Foreign,네이버,2
에,Josa,네이버,80
에게,Josa,네이버,5
에겐,Josa,네이버,2
에는,Josa,네이버,3
에도,Josa,네이버,2
에서,Josa,네이버,25
에서가,Josa,네이버,1
에서는,Josa,네이버,2
에서도,Josa,네이버,1
에서의,Josa,네이버,3
에선,Josa,네이버,2
에야,Josa,네이버,1
에요,Josa,네이버,2
엔,Josa,네이버,2
엔드게임,Noun,네이버,23
엔딩,Noun,네이버,1
엠,Noun,네이버,3
여,Josa,네이버,1
여기,Noun,네이버,3
여러,Noun,네이버,1
여러가지,Noun,네이버,1
여자도,Noun,네이버,1
여정,Noun,네이버,1
여지,Noun,네이버,1
여태,Noun,네이버,1
역,Noun,네이버,2
역대,Noun,네이버,2
역사,Noun,네이버,5
역시,Noun,네이버,6
역작,Noun,네이버,2
역할,Noun,네이버,1
연,Noun,네이버,1
연기,Noun,네이버,2
연출,Noun,네이버,2
열,Modifier,네이버,3
열게,Verb,네이버,1
열었다는,Verb,네이버,1
였고,Verb,네이버,2
였나,Verb,네이버,2
였는데,Verb,네이버,3
였다,Verb,네이버,7
였던것,Verb,네이버,1
였습니다,Verb,네이버,2
였어,Verb,네이버,1
였어요,Verb,네이버,1
였을,Verb,네이버,1
였죠,Verb,네이버,1
영,Modifier,네이버,1
영웅,Noun,네이버,15
영원하라,Adjective,네이버,1
영원한,Adjective,네이버,3
영원해라,Adjective,네이버,1
영원히,Adjective,네이버,4
영향,Noun,네이버,1
영화,Noun,네이버,123
영화계,Noun,네이버,1
영화관,Noun,네이버,9
영화로,Noun,네이버,2
영화사,Noun,네이버,1
영화인,Noun,네이버,1
예상,Noun,네이버,2
예요,Josa,네이버,1
옛날,Noun,네이버,2
오,Modifier,네이버,3
오게,Verb,네이버,1
오늘,Noun,네이버,5
오늘날,Noun,네이버,1
오락,Noun,네이버,2
오랜,Modifier,네이버,5
오로지,Adverb,네이버,1
오메가,Noun,네이버,1
오버,Noun,네이버,1
오브,Noun,네이버,2
오빠,Suffix,네이버,1
오졌다,Verb,네이버,1
오지,Noun,네이버,2
오히려,Noun,네이버,1
온,Modifier,네이버,1
온,Noun,네이버,1
올리네요,Verb,네이버,1
올린,Verb,네이버,1
올수,Verb,네이버,1
와,Josa,네이버,13
와,Verb,네이버,9
와서,Verb,네이버,1
완벽한,Adjective,네이버,10
완전,Noun,네이버,2
왓습니,Noun,네이버,1
왔는데,Verb,네이버,1
왔다,Verb,네이버,1
왔습니다,Verb,네이버,5
왔어요,Verb,네이버,1
왔으면,Verb,네이버,1
왜,Noun,네이버,5
왜봐,Noun,네이버,1
왜케,Noun,네이버,1
외계인,Noun,네이버,1
외적,Noun,네이버,1
외친,Verb,네이버,1
요,Josa,네이버,3
요,Noun,네이버,1
요약,Noun,네이버,2
욤,Noun,네이버,1
용서,Noun,네이버,1
우리,Noun,네이버,6
우와,Exclamation,네이버,1
운명,Noun,네이버,1
운전기사,Noun,네이버,1
울,Modifier,네이버,1
울컥,Adverb,네이버,1
움,Noun,네이버,1
웃으면서,Verb,네이버,1
웃음,Noun,네이버,1
웅대,Noun,네이버,1
워,Noun,네이버,5
워머신,Noun,네이버,1
원,Noun,네이버,1
원작,Noun,네이버,1
위,Noun,네이버,3
위대하다,Adjective,네이버,1
위성,Noun,네이버,1
위치,Noun,네이버,1
위태,Noun,네이버,1
위트,Noun,네이버,1
위해,Noun,네이버,1
윈터,Noun,네이버,3
유니버스,Noun,네이버,10
유머,Noun,네이버,3
유머러스한,Adjective,네이버,1
유치하게,Adjective,네이버,1
유치하지도,Adjective,네이버,1
유쾌함,Adjective,네이버,1
유쾌함을,Adjective,네이버,1
으로,Josa,네이버,24
으로부터,Josa,네이버,1
으로서의,Josa,네이버,1
으로의,Josa,네이버,1
은,Josa,네이버,45
은,Noun,네이버,5
은안,Noun,네이버,1
을,Josa,네이버,94
의,Foreign,네이버,1
의,Josa,네이버,226
의,Noun,네이버,7
의미,Noun,네이버,1
이,Determiner,네이버,27
이,Foreign,네이버,7
이,Josa,네이버,123
이,Modifier,네이버,1
이,Noun,네이버,43
이건,Noun,네이버,1
이건정,Noun,네이버,1
이고,Josa,네이버,7
이구나,Josa,네이버,1
이기,Noun,네이버,2
이끈,Verb,네이버,1
이나,Josa,네이버,1
이나,Noun,네이버,1
이네,Josa,네이버,4
이다,Josa,네이버,19
이대로,Adverb,네이버,1
이든,Josa,네이버,1
이라,Josa,네이버,2
이라,Verb,네이버,1
이라고,Josa,네이버,2
이라는,Josa,네이버,6
이라도,Josa,네이버,1
이란,Foreign,네이버,1
이란,Josa,네이버,1
이란,Noun,네이버,1
이랑,Josa,네이버,3
이러면서,Verb,네이버,1
이러지,Verb,네이버,1
이런,Adjective,네이버,1
이런,Modifier,네이버,4
이렇게,Adverb,네이버,7
이로,Noun,네이버,1
이며,Josa,네이버,1
이면,Noun,네이버,1
이본,Noun,네이버,1
이상,Foreign,네이버,1
이상,Noun,네이버,4
이상해졌어,Adjective,네이버,1
이스,Noun,네이버,1
이야,Josa,네이버,2
이야말로,Josa,네이버,1
이었구나,Verb,네이버,1
이었다,Verb,네이버,2
이었다는,Verb,네이버,1
이었다니,Verb,네이버,1
이었다면,Verb,네이버,1
이었음,Verb,네이버,1
이었지,Verb,네이버,1
이에요,Josa,네이버,1
이영화,Noun,네이버,2
이유,Noun,네이버,3
이자,Noun,네이버,6
이전,Noun,네이버,1
이제,Noun,네이버,12
이제야,Noun,네이버,3
이지,Josa,네이버,3
이지만,Josa,네이버,4
이해,Noun,네이버,2
익숙하지만,Adjective,네이버,1
인,Josa,네이버,25
인,Noun,네이버,3
인가,Josa,네이버,2
인간,Noun,네이버,3
인거,Josa,네이버,1
인기,Noun,네이버,3
인데,Josa,네이버,12
인도,Noun,네이버,1
인들,Josa,네이버,1
인물,Noun,네이버,5
인상,Noun,네이버,1
인생,Noun,네이버,10
인정,Noun,네이버,1
인종차별,Noun,네이버,1
인크레더블,Noun,네이버,1
인피니티,Noun,네이버,4
일,Modifier,네이버,2
일,Noun,네이버,1
일대기,Noun,네이버,1
일등,Noun,네이버,1
일명,Noun,네이버,1
일편,Noun,네이버,1
읽어야,Verb,네이버,1
읽을,Verb,네이버,1
읽음,Verb,네이버,1
잃어,Verb,네이버,1
임,Noun,네이버,13
임마,Noun,네이버,1
입,Noun,네이버,2
입고,Verb,네이버,1
입는,Verb,네이버,1
입니다,Adjective,네이버,12
입덕,Noun,네이버,1
입문,Noun,네이버,2
입소,Noun,네이버,1
입은,Verb,네이버,1
있게,Adjective,네이버,2
있게한,Adjective,네이버,1
있기를,Adjective,네이버,1
있기에,Adjective,네이버,2
있는,Adjective,네이버,5
있는가,Adjective,네이버,1
있는데,Adjective,네이버,1
있다,Adjective,네이버,2
있다는,Adjective,네이버,3
있어,Adjective,네이버,2
있어서,Adjective,네이버,2
있어주었기에,Adjective,네이버,1
있었네,Adjective,네이버,1
있었다,Adjective,네이버,1
있었던,Adjective,네이버,2
있었던건,Adjective,네이버,1
있었어서,Adjective,네이버,1
있었을텐데,Adjective,네이버,1
있으면서,Adjective,네이버,1
있을,Adjective,네이버,1
있을까,Adjective,네이버,2
있음,Adjective,네이버,1
있지도,Adjective,네이버,1
있지만,Adjective,네이버,2
잉센,Noun,네이버,3
잉센같,Noun,네이버,1
잊을,Verb,네이버,1
잊을수,Verb,네이버,2
잊지,Verb,네이버,6
잊혀지지,Verb,네이버,1
자,Noun,네이버,1
자,Suffix,네이버,1
자격,Noun,네이버,1
자기,Noun,네이버,1
자도,Noun,네이버,1
자동,Noun,네이버,1
자랑스럽다,Adjective,네이버,1
자리,Noun,네이버,1
자신,Noun,네이버,4
자체,Noun,네이버,6
작,Modifier,네이버,2
작,Noun,네이버,1
작별,Noun,네이버,1
작품,Noun,네이버,15
잘,Verb,네이버,9
잘,VerbPrefix,네이버,5
잘가요,Verb,네이버,1
잘생긴,Adjective,네이버,1
잘생김,Adjective,네이버,1
잡는걸,Verb,네이버,1
장,Noun,네이버,2
장가,Noun,네이버,1
장담,Noun,네이버,1
장르,Noun,네이버,1
장면,Noun,네이버,6
장본인,Noun,네이버,3
재,Noun,네이버,5
재개,Noun,네이버,1
재끼,Noun,네이버,1
재미,Noun,네이버,5
재미없는,Adjective,네이버,1
재미없다는,Adjective,네이버,2
재미없을것,Adjective,네이버,1
재미있게,Adjective,네이버,3
재미있고,Adjective,네이버,2
재미있네,Adjective,네이버,1
재미있다,Adjective,네이버,5
재미있다만,Adjective,네이버,1
재미있어서,Adjective,네이버,2
재미있었다,Adjective,네이버,1
재미있음,Adjective,네이버,2
재밌게,Adjective,네이버,3
재밌게만,Adjective,네이버,1
재밌고,Adjective,네이버,4
재밌구만,Adjective,네이버,1
재밌네,Adjective,네이버,1
재밌네요,Adjective,네이버,4
재밌는,Adjective,네이버,5
재밌는거,Adjective,네이버,1
재밌는걸,Adjective,네이버,1
재밌다,Adjective,네이버,12
재밌다고,Adjective,네이버,2
재밌당,Adjective,네이버,1
재밌습니다,Adjective,네이버,1
재밌어요,Adjective,네이버,3
재밌었고,Adjective,네이버,2
재밌었다,Adjective,네이버,1
재밌었음,Adjective,네이버,2
재밌을,Adjective,네이버,2
재밌을것,Adjective,네이버,1
재밌을까,Adjective,네이버,2
재밌음,Adjective,네이버,2
재밌죠,Adjective,네이버,1
재탄생,Noun,네이버,1
잼,Noun,네이버,1
잼나게,Verb,네이버,1
저,Determiner,네이버,1
저,Noun,네이버,2
저렇게,Adverb,네이버,1
적,Noun,네이버,2
적,Suffix,네이버,25
적어도,Adverb,네이버,1
적이였던,Verb,네이버,1
전,Foreign,네이버,6
전,Modifier,네이버,1
전,Noun,네이버,4
전개,Noun,네이버,1
전문가,Noun,네이버,1
전부,Noun,네이버,3
전설,Noun,네이버,59
전성기,Noun,네이버,3
전세계,Noun,네이버,2
전영화라니,Foreign,네이버,1
전율,Noun,네이버,3
전투,Noun,네이버,1
전혀,Noun,네이버,4
전형,Noun,네이버,2
절대,Noun,네이버,3
젊다,Adjective,네이버,1
점,Noun,네이버,15
접목,Noun,네이버,1
정,Noun,네이버,10
정도,Noun,네이버,5
정말,Noun,네이버,20
정체,Noun,네이버,2
정형,Noun,네이버,1
제,Modifier,네이버,1
제,Noun,네이버,4
제대로,Noun,네이버,1
제멋대로,Noun,네이버,2
제일,Noun,네이버,9
제작자,Noun,네이버,1
젠,Noun,네이버,2
조,Noun,네이버,1
조절,Noun,네이버,1
조차,Josa,네이버,1
족,Noun,네이버,1
존나,Noun,네이버,1
존재,Noun,네이버,2
존잼,Noun,네이버,1
졸업,Noun,네이버,1
좋겠어요,Adjective,네이버,1
좋네요,Adjective,네이버,1
좋다,Adjective,네이버,2
좋아하면서,Adjective,네이버,1
좋아한다,Adjective,네이버,1
좋아했는데,Adjective,네이버,1
좋았다,Adjective,네이버,1
좋은,Adjective,네이버,1
좋음,Adjective,네이버,2
좋지만,Adjective,네이버,1
죄송합니다,Adjective,네이버,1
죠,Josa,네이버,1
주기,Noun,네이버,1
주는,Verb,네이버,1
주니어,Noun,네이버,7
주어,Noun,네이버,1
주인공,Noun,네이버,1
주행,Noun,네이버,10
죽고나서,Verb,네이버,1
죽었다고,Verb,네이버,1
죽은것,Verb,네이버,1
죽음,Noun,네이버,1
죽인다,Verb,네이버,1
죽일,Verb,네이버,1
준,Noun,네이버,3
준건,Verb,네이버,1
준다면,Verb,네이버,1
줄,Noun,네이버,6
중,Noun,네이버,17
중,Suffix,네이버,12
중간,Noun,네이버,2
중년,Noun,네이버,1
중독,Noun,네이버,1
중심,Noun,네이버,1
중요한,Adjective,네이버,3
줘,Verb,네이버,1
즐거운,Adjective,네이버,1
즐거웠고,Adjective,네이버,1
즐거웠습니다,Adjective,네이버,1
즐거웠어요,Adjective,네이버,2
즐겁다,Adjective,네이버,1
증거,Noun,네이버,3
증명,Noun,네이버,1
지,Josa,네이버,3
지,Modifier,네이버,2
지고,Noun,네이버,1
지구,Noun,네이버,1
지금,Noun,네이버,26
지나고,Verb,네이버,1
지나서,Verb,네이버,1
지난,Noun,네이버,3
지남,Foreign,네이버,1
지도,Noun,네이버,1
지렸고,Verb,네이버,1
지렸다,Verb,네이버,1
지렸던,Verb,네이버,1
지만,Josa,네이버,1
지스,Noun,네이버,1
지켜,Verb,네이버,1
지켰다,Verb,네이버,1
지켰습니다,Verb,네이버,1
진리,Noun,네이버,5
진심,Noun,네이버,1
진정한,Adjective,네이버,2
진짜,Noun,네이버,39
진행,Noun,네이버,1
질질,Noun,네이버,2
짐,Noun,네이버,1
집,Noun,네이버,2
집대성,Noun,네이버,1
집중,Noun,네이버,1
짓거리,Noun,네이버,1
짜는,Verb,네이버,1
짜릿함을,Adjective,네이버,1
짠하고,Adjective,네이버,1
짱,Noun,네이버,4
짱,Suffix,네이버,1
쨩,Suffix,네이버,1
쩐다,Noun,네이버,1
쩔고,Verb,네이버,1
쪼이면서,Verb,네이버,1
쭝,Noun,네이버,1
찌질,Verb,네이버,1
찍,Noun,네이버,1
찍는,Verb,네이버,1
찍었을까,Verb,네이버,1
찡,Adverb,네이버,1
차가,Adjective,네이버,1
차렸는데,Verb,네이버,1
차마,Noun,네이버,1
착하,Adjective,네이버,1
착했을,Adjective,네이버,1
참,Verb,네이버,1
참신하고,Adjective,네이버,1
찾아볼,Verb,네이버,1
채널,Noun,네이버,1
챙겨,Verb,네이버,1
처럼,Josa,네이버,6
처음,Noun,네이버,18
척,Noun,네이버,2
천리,Noun,네이버,1
천만,Noun,네이버,1
천재,Noun,네이버,1
첨,Adverb,네이버,2
첨부,Noun,네이버,1
첫,Modifier,네이버,2
첫,Noun,네이버,6
첫걸음,Noun,네이버,1
첫사랑,Noun,네이버,1
청년,Noun,네이버,1
청소년기,Noun,네이버,1
체,Noun,네이버,1
쳐,Verb,네이버,1
초,Noun,네이버,1
초능력,Noun,네이버,1
초등학교,Noun,네이버,1
초등학생,Noun,네이버,1
초반,Noun,네이버,2
초석,Noun,네이버,2
촌,Noun,네이버,2
최고,Noun,네이버,37
최고다,Noun,네이버,7
최소한,Noun,네이버,1
최애,Noun,네이버,1
최애영,Noun,네이버,1
최애캐,Noun,네이버,1
추억,Noun,네이버,3
출발,Noun,네이버,2
출연료,Noun,네이버,2
출연자,Noun,네이버,1
충격,Noun,네이버,4
충무로,Noun,네이버,1
충분하다,Adjective,네이버,1
충분한,Adjective,네이버,1
충족,Noun,네이버,2
치고,Josa,네이버,1
치즈버거,Noun,네이버,1
친구,Noun,네이버,1
칠,Modifier,네이버,1
캐릭터,Noun,네이버,14
캡틴,Noun,네이버,1
캡틴마블,Noun,네이버,1
캬,Noun,네이버,1
커밍,Noun,네이버,1
커질,Verb,네이버,1
커질거라고,Verb,네이버,1
커질줄,Verb,네이버,1
케릭,Noun,네이버,1
코드,Noun,네이버,1
코믹스,Noun,네이버,2
콜라보,Noun,네이버,1
퀄리티,Noun,네이버,1
크게,Noun,네이버,1
크루즈,Noun,네이버,1
크리스토퍼,Noun,네이버,1
크으,Exclamation,네이버,1
큰,Verb,네이버,4
클리셰,Noun,네이버,1
큼,Foreign,네이버,22
키,Noun,네이버,2
키덜트,Noun,네이버,1
타,Modifier,네이버,1
타이타닉,Noun,네이버,1
탄,Verb,네이버,3
탄생,Noun,네이버,5
탄탄하고,Adjective,네이버,1
탈피,Noun,네이버,1
탐,Verb,네이버,1
탑,Noun,네이버,1
탑인,Noun,네이버,1
탕아,Noun,네이버,1
터,Noun,네이버,1
터리,Noun,네이버,1
터쭉,Noun,네이버,1
털어서,Verb,네이버,1
테,Noun,네이버,1
테러리스트,Noun,네이버,1
테이큰,Noun,네이버,1
토니,Noun,네이버,31
토니스타크,Noun,네이버,8
토록,Josa,네이버,1
토르,Noun,네이버,3
통,Noun,네이버,1
통수,Noun,네이버,1
통틀어,Noun,네이버,2
투,Noun,네이버,1
트랜스포머,Noun,네이버,5
트레인,Noun,네이버,1
특히,Adverb,네이버,1
틀,Noun,네이버,1
티비,Noun,네이버,1
틱,Suffix,네이버,11
파,Noun,네이버,4
파괴,Noun,네이버,1
파란만장한,Adjective,네이버,1
판,Noun,네이버,2
판도,Noun,네이버,1
판이,Noun,네이버,2
판타지,Noun,네이버,3
팬,Noun,네이버,3
팰트로,Noun,네이버,1
퍼스트,Noun,네이버,1
펄서,Noun,네이버,1
페미,Noun,네이버,1
페이지,Noun,네이버,1
편,Noun,네이버,7
편의,Noun,네이버,1
편이,Noun,네이버,4
편중,Noun,네이버,1
편하게,Adjective,네이버,1
편히,Adjective,네이버,2
평,Noun,네이버,7
평가,Noun,네이버,1
평론가,Noun,네이버,2
평범,Noun,네이버,1
평생,Noun,네이버,2
평온하길,Adjective,네이버,1
평점,Noun,네이버,7
평점보러오신분,Foreign,네이버,1
포함,Noun,네이버,3
폭등,Noun,네이버,1
표,Noun,네이버,1
표현,Noun,네이버,2
푹,Noun,네이버,1
프롬,Noun,네이버,4
플,Exclamation,네이버,1
피곤하고,Adjective,네이버,1
필요,Noun,네이버,2
필요없는,Adjective,네이버,2
필요없다,Adjective,네이버,1
필요한가,Adjective,네이버,1
필요해,Adjective,네이버,1
핑거스냅,Noun,네이버,1
하,Noun,네이버,1
하,Suffix,네이버,5
하게,Verb,네이버,1
하고,Josa,네이버,6
하고,Verb,네이버,1
하고싶다,Verb,네이버,1
하길래,Verb,네이버,1
하나,Noun,네이버,3
하나로,Noun,네이버,1
하내,Noun,네이버,1
하네,Verb,네이버,1
하네요,Verb,네이버,1
하는,Verb,네이버,8
하는데,Verb,네이버,2
하다,Verb,네이버,1
하다못해,Adverb,네이버,1
하던,Verb,네이버,1
하러,Verb,네이버,2
하류,Noun,네이버,1
하며,Verb,네이버,1
하면,Verb,네이버,1
하면서,Verb,네이버,2
하셨습니다,Verb,네이버,1
하셨어요,Verb,네이버,2
하였다,Verb,네이버,1
하워드,Noun,네이버,1
하이테크,Noun,네이버,1
하지,Verb,네이버,1
하지만,Conjunction,네이버,1
한,Determiner,네이버,4
한,Josa,네이버,9
한,Verb,네이버,6
한국팬,Noun,네이버,1
한다,Verb,네이버,5
한다는,Modifier,네이버,1
한동안,Adverb,네이버,1
한마디,Noun,네이버,4
한번,Noun,네이버,2
한숨,Noun,네이버,1
한심하다,Adjective,네이버,1
한심한,Adjective,네이버,1
한지,Noun,네이버,1
한창,Noun,네이버,1
한테,Josa,네이버,2
한해,Noun,네이버,1
할,Verb,네이버,9
할거라는,Verb,네이버,1
할리우드영화,Noun,네이버,1
할수가,Verb,네이버,1
함,Noun,네이버,3
함,Verb,네이버,1
함께,Adverb,네이버,4
함께한,Verb,네이버,2
합니다,Verb,네이버,5
합니당,Verb,네이버,1
항상,Noun,네이버,1
해,Noun,네이버,2
해,Verb,네이버,19
해나도,Verb,네이버,1
해낸,Verb,네이버,1
해도,Noun,네이버,1
해서,Verb,네이버,7
해서라도,Verb,네이버,3
해야지,Verb,네이버,1
해였나,Verb,네이버,1
해요,Verb,네이버,2
해주세요,Verb,네이버,2
해주셔서,Verb,네이버,1
해준,Verb,네이버,5
해줘서,Verb,네이버,2
해피,Noun,네이버,9
해학,Noun,네이버,1
했고,Verb,네이버,1
했네요,Verb,네이버,1
했는데,Verb,네이버,7
했다,Verb,네이버,5
했던,Verb,네이버,5
했던게,Verb,네이버,1
했습니다,Verb,네이버,1
했어,Verb,네이버,1
했어도,Verb,네이버,1
했어요,Verb,네이버,2
했었는데,Verb,네이버,1
했었다,Verb,네이버,1
했었던,Verb,네이버,1
했었습니다,Verb,네이버,1
했었지,Verb,네이버,1
했으나,Verb,네이버,1
했을까,Verb,네이버,1
했지만,Verb,네이버,2
행보,Noun,네이버,1
행복했습니다,Adjective,네이버,2
행복했어요,Adjective,네이버,1
허무하게,Adjective,네이버,1
허세,Noun,네이버,1
헐리웃,Noun,네이버,2
헐크,Noun,네이버,3
혁신,Noun,네이버,1
현,Modifier,네이버,1
현실,Noun,네이버,5
현재,Noun,네이버,1
형,Suffix,네이버,1
형님,Noun,네이버,1
호건,Noun,네이버,3
호기심,Noun,네이버,1
호흡기,Noun,네이버,1
홈,Noun,네이버,5
화,Noun,네이버,1
화,Suffix,네이버,2
화려하다,Adjective,네이버,1
화려한,Adjective,네이버,2
화면,Noun,네이버,2
화이자,Noun,네이버,1
확실히,Adjective,네이버,1
획,Noun,네이버,3
획기,Noun,네이버,1
후,Noun,네이버,3
후려,Noun,네이버,1
후속작,Noun,네이버,1
후에도,Foreign,네이버,3
후회,Noun,네이버,1
후회되는,Adjective,네이버,1
훌륭한,Adjective,네이버,1
휴가,Noun,네이버,1
흉내,Noun,네이버,1
흐르는,Verb,네이버,1
흑인,Noun,네이버,1
흔드는,Verb,네이버,1
흔하지만,Adjective,네이버,1
흘렀다,Verb,네이버,1
흡사,Noun,네이버,1
흥미,Noun,네이버,2
흥미로운,Adjective,네이버,1
흥미진진,Noun,네이버,1
흥분,Noun,네이버,1
흥행,Noun,네이버,1
희,Adjective,네이버,1
희생,Noun,네이버,2
히,Noun,네이버,1
히로,Noun,네이버,1
히어로,Noun,네이버,59
힘,Noun,네이버,1
힘들었을,Adjective,네이버,1
